activity_id,activity_name,activity_type,start_time,distance_meters,duration_seconds,elapsed_seconds,moving_seconds,calories,avg_speed_mps,max_speed_mps,average_hr,max_hr,aerobic_te,anaerobic_te,training_load,tss,intensity_factor,vo2_max,elevation_gain_m,elevation_loss_m,avg_running_cadence,avg_biking_cadence,avg_power,normalized_power,max_power,activity_group,activity_date,distance_miles,duration_minutes,avg_speed_mph,avg_pace_min_mile,elevation_gain_ft
24165390057,Austin Running,running,2026-08-29 14:58:36,19627.26953125,7200.5732421875,8799.759765625,7162.327026367188,1191.0,2.7260000705718994,3.25600004196167,161.0,184.0,4.800000190734863,0.0,235.00033569335935,,,51.0,105.74000000953674,87.44999998807907,164.703125,,,,,Running,2026-08-29,12.2,120.01,6.1,9.84,346.9
24164108075,Zwift - IRONMAN San Juan 2026  bike course,virtual_ride,2026-08-29 08:37:57,130958.0390625,18029.0,18273.0,18022.0,1702.0,7.263000011444092,14.560999870300291,0.0,0.0,,,,,,,718.0,0.0,,65.0,98.0,100.67343080088834,147.0,Cycling,2026-08-29,81.37,300.48,16.25,3.69,2355.6
24161736258,Pool Swim,lap_swimming,2026-08-29 06:09:58,2788.919921875,3606.386962890625,4003.570068359375,3606.14990234375,489.0,0.7730000019073486,1.13100004196167,132.0,163.0,2.299999952316284,0.0,37.32228088378906,,,,,,,,,,,Swimming,2026-08-29,1.73,60.11,1.73,34.68,
24128354748,Austin Road Cycling,road_biking,2026-08-26 12:53:30,16169.7802734375,2392.951904296875,3009.010986328125,2378.0269775390625,428.0,6.756999969482422,11.878000259399414,,,0.0,0.0,0.0,,,,98.0,99.0,,,,,,Cycling,2026-08-26,10.05,39.88,15.12,3.97,321.5
24115591546,Swimming,swimming,2026-08-25 15:05:00,1371.6,1416.0,1486.0,,141.0,0.9686440677966102,,,,,,,,,,,,,,,,,Swimming,2026-08-25,0.85,23.6,2.17,27.65,
24089243734,Austin Road Cycling,road_biking,2026-08-23 06:29:37,109127.90625,15128.474609375,23806.474609375,15056.0,3399.0,7.212999820709229,20.0049991607666,,,0.0,0.0,0.0,,,,1226.0,1240.0,,,,,,Cycling,2026-08-23,67.81,252.14,16.14,3.72,4022.3
24074197147,Austin Running,running,2026-08-22 06:25:40,24569.4609375,9600.9775390625,11543.6806640625,9452.48797607422,1515.0,2.559000015258789,3.507999897003174,155.0,176.0,5.0,0.0,276.8075561523437,,,50.0,156.49000000953674,122.43000000715256,162.21875,,,,,Running,2026-08-22,15.27,160.02,5.72,10.49,513.4
24060293843,Pool Swim,lap_swimming,2026-08-21 06:04:21,3200.39990234375,4023.9599609375,4718.72998046875,4023.9599609375,528.0,0.7950000166893006,0.9620000123977662,120.0,142.0,1.7999999523162842,0.0,20.87387084960937,,,,,,,,,,,Swimming,2026-08-21,1.99,67.07,1.78,33.71,
24048207181,Austin Running,running,2026-08-20 06:32:41,6451.39013671875,2346.264892578125,2346.264892578125,2339.438983440399,388.0,2.75,3.0230000019073486,153.0,174.0,3.5,0.0,113.91278076171876,,,50.0,23.28999999165535,72.79000002145767,167.296875,,,,,Running,2026-08-20,4.01,39.1,6.15,9.76,76.4
24042194301,Pool Swim,lap_swimming,2026-08-19 16:58:18,1463.0400390625,1667.217041015625,2259.113037109375,1667.217041015625,271.0,0.878000020980835,1.618000030517578,140.0,175.0,2.299999952316284,0.0,38.69578552246094,,,,,,,,,,,Swimming,2026-08-19,0.91,27.79,1.96,30.61,
24036107360,Austin Road Cycling,road_biking,2026-08-19 06:00:51,33125.1015625,5383.7421875,8203.7451171875,5348.0,971.0,6.152999877929688,14.425000190734863,,,0.0,0.0,0.0,,,,408.0,412.0,,,,,,Cycling,2026-08-19,20.58,89.73,13.76,4.36,1338.6
24029244143,Pool Swim,lap_swimming,2026-08-18 17:16:51,1143.0,1354.427001953125,1792.9239501953125,1354.18701171875,205.0,0.843999981880188,1.1610000133514404,131.0,153.0,1.7999999523162842,0.0,20.706069946289062,,,,,,,,,,,Swimming,2026-08-18,0.71,22.57,1.89,31.75,
24030508907,Morning Jos,running,2026-08-18 06:00:00,9656.064,3300.0,0.0,,574.0,2.92608,,,,,,,,,,,,,,,,,Running,2026-08-18,6.0,55.0,6.55,9.16,
23988103697,Austin Road Cycling,road_biking,2026-08-15 07:11:23,49722.5390625,7632.47021484375,11058.4677734375,7579.9229736328125,1500.0,6.514999866485596,17.513999938964844,,,0.0,0.0,0.0,,,,640.0,640.0,,,,,,Cycling,2026-08-15,30.9,127.21,14.57,4.12,2099.7
23976258824,Austin Running,running,2026-08-14 08:11:50,24898.060546875,9000.6884765625,10193.4501953125,8937.077026367188,1514.0,2.7660000324249268,3.275000095367432,169.0,192.0,5.0,0.0,316.345947265625,,,50.0,154.27000001072884,147.50999999046326,164.65625,,,,,Running,2026-08-14,15.47,150.01,6.19,9.69,506.1
23956699854,Austin Road Cycling,road_biking,2026-08-12 17:56:05,54253.21875,8688.5380859375,10895.529296875,8610.0,1434.0,6.243999958038331,14.71500015258789,,,0.0,0.0,0.0,,,,446.0,445.0,,,,,,Cycling,2026-08-12,33.71,144.81,13.97,4.29,1463.3
23942316235,Pool Swim,lap_swimming,2026-08-11 16:44:31,1097.280029296875,1271.64501953125,1502.574951171875,1271.64501953125,193.0,0.862999975681305,0.9700000286102296,125.0,147.0,1.5,0.0,17.136322021484375,,,,,,,,,,,Swimming,2026-08-11,0.68,21.19,1.93,31.09,
23935522827,Austin Track Running,track_running,2026-08-11 06:08:54,6450.0,1939.406982421875,3296.387939453125,1911.0,319.0,3.325999975204468,6.625000000000001,156.0,187.0,3.400000095367432,2.200000047683716,139.982666015625,,,50.0,0.0,0.0,168.0,,,,,Running,2026-08-11,4.01,32.32,7.44,8.06,0.0
23916140786,Austin Road Cycling,road_biking,2026-08-09 06:08:07,103660.796875,16423.3515625,25669.943359375,16331.452026367188,2778.0,6.311999797821045,16.281999588012695,,,0.0,0.0,0.0,,,,641.0,678.0,,,,,,Cycling,2026-08-09,64.41,273.72,14.12,4.25,2103.0
23899365559,Austin Running,running,2026-08-08 06:53:55,6674.240234375,2700.51708984375,2862.5380859375,2679.0,397.0,2.470999956130981,2.799000024795532,145.0,168.0,3.0,0.0,69.00895690917969,,,50.0,77.40000000596046,76.38999998569489,163.859375,,,,,Running,2026-08-08,4.15,45.01,5.53,10.85,253.9
23890296319,Austin Running,running,2026-08-07 10:36:13,18694.3203125,7200.23095703125,8413.1494140625,7180.216064453125,1192.0,2.595999956130981,2.9760000705718994,174.0,201.0,5.0,0.3000000119209289,272.3182373046875,,,50.0,126.40999999642372,150.97000002861023,164.1875,,,,,Running,2026-08-07,11.62,120.0,5.81,10.33,414.7
23880500166,Zwift - Watts of the Wild in Watopia,virtual_ride,2026-08-06 15:13:55,48532.9609375,7215.0,7214.0,7210.0,592.0,6.72599983215332,14.755000114440918,0.0,0.0,,,,,,,361.0,0.0,,75.0,85.0,99.09759208632916,389.0,Cycling,2026-08-06,30.16,120.25,15.05,3.99,1184.4
23873116042,Pool Swim,lap_swimming,2026-08-05 12:17:38,731.52001953125,826.5609741210938,994.9840087890624,826.5609741210938,129.0,0.8849999904632568,1.0019999742507937,106.0,124.0,0.3000000119209289,0.0,3.631927490234375,,,,,,,,,,,Swimming,2026-08-05,0.45,13.78,1.98,30.3,
23853334185,Strength,strength_training,2026-08-04 13:17:13,0.0,2185.56103515625,2185.56103515625,2185.56103515625,182.0,0.0,,115.0,157.0,1.399999976158142,0.1000000014901161,18.246856689453125,,,,,,,,,,,Strength & Cardio,2026-08-04,0.0,36.43,0.0,,
23848593782,Austin Running,running,2026-08-04 06:15:49,12246.1904296875,4500.81982421875,5312.2841796875,4488.923034667969,736.0,2.720999956130981,3.051000118255616,157.0,190.0,3.900000095367432,0.0,153.36013793945312,,,51.0,81.0,87.02999999932945,165.4375,,,,,Running,2026-08-04,7.61,75.01,6.09,9.85,265.7
23806300716,Pool Workout Endurance,lap_swimming,2026-07-31 12:14:10,2743.199951171875,3424.85302734375,3466.3349609375,3290.534912109375,456.0,0.8339999914169312,0.9829999804496764,125.0,146.0,2.0,0.0,22.950714111328125,,,,,,,,,,,Swimming,2026-07-31,1.7,57.08,1.87,32.09,
23791489704,Pool Swim,lap_swimming,2026-07-30 11:23:44,2194.56005859375,2593.177001953125,2894.486083984375,2592.712890625,384.0,0.8460000157356262,1.0019999742507937,139.0,157.0,2.400000095367432,0.0,44.449737548828125,,,,,,,,,,,Swimming,2026-07-30,1.36,43.22,1.89,31.75,
23776085144,Austin Road Cycling,road_biking,2026-07-29 06:18:20,27465.8203125,4509.0087890625,6109.494140625,4467.0,685.0,6.091000080108643,11.663000106811522,,,0.0,0.0,0.0,0.0,0.0,,202.0,204.0,,,0.0,0.0,0.0,Cycling,2026-07-29,17.07,75.15,13.63,4.4,662.7
23729231040,Montgomery County Running,running,2026-07-25 10:37:13,3673.89990234375,1201.1529541015625,1217.0009765625,1200.5500030517578,213.0,3.059000015258789,3.461999893188477,168.0,182.0,3.0999999046325684,0.0,80.380126953125,,,50.0,16.689999997615814,25.259999990463257,167.03125,,,,,Running,2026-07-25,2.28,20.02,6.84,8.77,54.8
23729610835,Montgomery County - Bike Workout (zone 2),road_biking,2026-07-25 06:07:21,104231.0703125,14400.8251953125,15675.5361328125,14363.734985351562,1210.0,7.23799991607666,11.11299991607666,136.0,167.0,3.0999999046325684,0.4000000059604645,82.07296752929688,,,,329.0,334.0,,,,,,Cycling,2026-07-25,64.77,240.01,16.19,3.71,1079.4
23719147399,Houston - HR 1 hr,running,2026-07-24 12:16:14,17939.669921875,6600.40087890625,8249.908203125,6515.0,1032.0,2.7179999351501465,3.125999927520752,160.0,183.0,4.300000190734863,0.0,185.6160888671875,,,50.0,71.41999998688698,66.40000000596046,162.15625,,,,,Running,2026-07-24,11.15,110.01,6.08,9.87,234.3
23683526986,Strength,strength_training,2026-07-21 16:10:09,0.0,2290.718017578125,2290.718017578125,2290.718017578125,168.0,0.0,,108.0,151.0,1.100000023841858,0.0,12.6771240234375,,,,,,,,,,,Strength & Cardio,2026-07-21,0.0,38.18,0.0,,
23677039354,Austin Running,running,2026-07-21 06:26:12,9818.0302734375,3600.283935546875,3600.283935546875,3597.5269775390625,607.0,2.726999998092651,3.3959999084472656,164.0,183.0,3.900000095367432,0.0,150.57859802246094,,,51.0,43.400000005960464,55.46000000834465,169.765625,,,,,Running,2026-07-21,6.1,60.0,6.1,9.84,142.4
23657698625,Austin Road Cycling,road_biking,2026-07-19 07:02:50,83256.78125,13325.853515625,19926.177734375,13248.77197265625,2385.0,6.248000144958496,17.410999298095703,,,0.0,0.0,0.0,0.0,0.0,,971.0,979.0,,,0.0,0.0,0.0,Cycling,2026-07-19,51.73,222.1,13.98,4.29,3185.7
23642815942,Austin Running,running,2026-07-18 07:03:50,18008.779296875,6300.35693359375,6853.31005859375,6260.044982910156,1092.0,2.8580000400543213,3.461999893188477,172.0,193.0,5.0,0.1000000014901161,267.16583251953125,,,51.0,185.839999973774,158.31999999284744,166.625,,,,,Running,2026-07-18,11.19,105.01,6.39,9.39,609.7
23600525993,Austin Running,running,2026-07-14 16:44:17,9866.7998046875,3600.743896484375,3967.868896484375,3573.0819778442383,610.0,2.740000009536743,3.1630001068115234,160.0,177.0,3.900000095367432,0.0,142.0355987548828,,,51.0,24.889999985694885,22.12999999523163,162.5,,,,,Running,2026-07-14,6.13,60.01,6.13,9.79,81.7
23598159618,Strength,strength_training,2026-07-14 12:27:40,0.0,2780.7939453125,2780.7939453125,2780.7939453125,186.0,0.0,,103.0,143.0,0.699999988079071,0.0,8.248291015625,,,,,,,,,,,Strength & Cardio,2026-07-14,0.0,46.35,0.0,,
23586727449,Pool Swim,lap_swimming,2026-07-13 14:58:09,1645.9200439453125,1926.5400390625,2412.444091796875,1926.5400390625,288.0,0.8539999723434449,0.9660000205039978,130.0,156.0,2.0,0.0,24.7559814453125,,,,,,,,,,,Swimming,2026-07-13,1.02,32.11,1.91,31.41,
23581420411,Austin Road Cycling,road_biking,2026-07-13 06:09:56,27835.2109375,4589.8662109375,5591.94921875,4572.0,759.0,6.064000129699707,13.996000289916992,,,0.0,0.0,0.0,,,,281.0,260.0,,,,,,Cycling,2026-07-13,17.3,76.5,13.56,4.42,921.9
23560556239,Austin Running,running,2026-07-11 08:01:02,15400.6796875,5886.9619140625,8518.462890625,5815.0570068359375,935.0,2.615999937057495,2.9670000076293945,156.0,186.0,4.300000190734863,0.1000000014901161,169.7124481201172,,,51.0,128.2099999934435,127.47999998927116,162.1875,,,,,Running,2026-07-11,9.57,98.12,5.85,10.26,420.6
23551589151,Pool Swim,lap_swimming,2026-07-10 14:42:41,2743.199951171875,3175.842041015625,4497.673828125,3175.842041015625,450.0,0.8640000224113464,0.959999978542328,138.0,168.0,2.5999999046325684,0.0,47.65777587890625,,,,,,,,,,,Swimming,2026-07-10,1.7,52.93,1.93,31.09,
23547908940,Austin Road Cycling,road_biking,2026-07-10 07:13:11,21664.30078125,3751.903076171875,7163.05078125,3743.0,512.0,5.77400016784668,11.281000137329102,,,0.0,0.0,0.0,,,,137.0,139.0,,,,,,Cycling,2026-07-10,13.46,62.53,12.92,4.64,449.5
23543105641,Pool Swim,lap_swimming,2026-07-09 15:59:50,2103.1201171875,2322.883056640625,3658.257080078125,2322.39892578125,368.0,0.906000018119812,1.0329999923706057,153.0,177.0,3.299999952316284,0.1000000014901161,91.16583251953124,,,,,,,,,,,Swimming,2026-07-09,1.31,38.71,2.03,29.56,
23543104461,Strength,strength_training,2026-07-09 13:10:03,0.0,2287.39111328125,2287.39111328125,2287.39111328125,235.0,0.0,,127.0,185.0,2.5,0.6000000238418579,50.420806884765625,,,,,,,,,,,Strength & Cardio,2026-07-09,0.0,38.12,0.0,,
23523246726,Austin Road Cycling,road_biking,2026-07-08 06:27:09,30666.009765625,4849.56201171875,6769.76806640625,4808.0,801.0,6.322999954223634,12.595999717712402,,,0.0,0.0,0.0,,,,234.0,236.0,,,,,,Cycling,2026-07-08,19.06,80.83,14.14,4.24,767.7
23514090867,Strength,strength_training,2026-07-07 12:06:44,0.0,3359.406005859375,3359.406005859375,3359.406005859375,190.0,0.0,,97.0,139.0,0.5,0.0,5.5955657958984375,,,,,,,,,,,Strength & Cardio,2026-07-07,0.0,55.99,0.0,,
23510233167,Austin Running,running,2026-07-07 06:32:30,9822.0595703125,3601.010009765625,3601.010009765625,3599.733959197998,594.0,2.7279999256134038,3.115999937057495,150.0,169.0,4.0,0.0,136.81951904296875,,,51.0,33.54000002145767,53.15999999642372,168.46875,,,,,Running,2026-07-07,6.1,60.02,6.1,9.84,110.0
23490281694,Austin Road Cycling,road_biking,2026-07-05 07:01:53,94735.109375,10370.4267578125,13978.427734375,10331.0,2905.0,9.135000228881836,16.00200080871582,,,0.0,0.0,0.0,,,,528.0,526.0,,,,,,Cycling,2026-07-05,58.87,172.84,20.43,2.94,1732.3
23466862896,Austin Road Cycling,road_biking,2026-07-03 06:34:24,34961.1015625,6204.13916015625,15550.345703125,6145.0,861.0,5.635000228881835,11.88700008392334,,,0.0,0.0,0.0,,,,261.0,254.0,,,,,,Cycling,2026-07-03,21.72,103.4,12.61,4.76,856.3
23466760252,Austin Road Cycling,road_biking,2026-07-02 06:13:58,30599.6796875,4935.919921875,8953.91796875,4897.85205078125,735.0,6.198999881744385,11.354999542236328,,,0.0,0.0,0.0,,,,153.0,157.0,,,,,,Cycling,2026-07-02,19.01,82.27,13.87,4.33,502.0
23447661609,Austin Running,running,2026-07-01 16:58:19,9914.3798828125,3601.68994140625,4193.037109375,3578.7780151367188,608.0,2.753000020980835,3.2279999256134038,164.0,191.0,4.0,0.0,140.15158081054688,,,51.0,191.2800000011921,61.37999999523163,164.046875,,,,,Running,2026-07-01,6.16,60.03,6.16,9.74,627.6
23408834182,Austin Running,running,2026-06-28 08:00:06,17500.380859375,6601.10107421875,8023.30419921875,6495.0,1047.0,2.651000022888184,3.5269999504089355,156.0,184.0,4.5,0.699999988079071,201.6728973388672,,,51.0,163.37000000476837,167.40000000596046,164.265625,,,,,Running,2026-06-28,10.87,110.02,5.93,10.12,536.0
23399001232,Austin Road Cycling,road_biking,2026-06-27 07:47:26,55372.73828125,8160.59423828125,15017.380859375,8127.18798828125,1577.0,6.784999847412109,17.60700035095215,,,0.0,0.0,0.0,,,,544.0,545.0,,,,,,Cycling,2026-06-27,34.41,136.01,15.18,3.95,1784.8
23388312364,Pool Swim,lap_swimming,2026-06-26 12:08:16,1851.6600341796875,2068.194091796875,3155.701904296875,2059.193115234375,322.0,0.9049999713897704,1.059000015258789,128.0,160.0,2.0999999046325684,0.0,26.12548828125,,,,,,,,,,,Swimming,2026-06-26,1.15,34.47,2.02,29.7,
23386365580,Austin Road Cycling,road_biking,2026-06-26 06:46:55,23776.94921875,4449.408203125,8597.41015625,4357.0,557.0,5.343999862670898,11.11299991607666,,,0.0,0.0,0.0,,,,149.0,147.0,,,,,,Cycling,2026-06-26,14.77,74.16,11.95,5.02,488.8
23370214241,Austin Running,running,2026-06-24 19:16:11,10229.16015625,3600.947021484375,4135.7578125,3574.7660369873047,617.0,2.8410000801086426,3.275000095367432,160.0,179.0,4.400000095367432,0.0,175.77792358398438,,,51.0,36.5799999833107,38.18000000715256,163.359375,,,,,Running,2026-06-24,6.36,60.02,6.36,9.43,120.0
23367689774,Strength,strength_training,2026-06-24 13:38:44,0.0,2344.548095703125,2344.548095703125,2344.548095703125,143.0,0.0,,100.0,129.0,0.5,0.0,5.633209228515625,,,,,,,,,,,Strength & Cardio,2026-06-24,0.0,39.08,0.0,,
23381687698,Austin Road Cycling,road_biking,2026-06-24 06:17:14,30778.689453125,4948.34619140625,7260.34716796875,4936.3380126953125,747.0,6.21999979019165,12.699000358581545,,,0.0,0.0,0.0,,,,162.0,158.0,,,,,,Cycling,2026-06-24,19.13,82.47,13.91,4.31,531.5
23356098556,Pool Swim,lap_swimming,2026-06-23 14:06:03,1508.760009765625,1782.18798828125,2663.616943359375,1751.1190185546875,259.0,0.8820000290870667,1.128999948501587,134.0,166.0,2.299999952316284,0.0,32.87188720703125,,,,,,,,,,,Swimming,2026-06-23,0.94,29.7,1.97,30.46,
23364003898,Austin Road Cycling,road_biking,2026-06-20 07:45:37,72846.140625,11852.828125,27010.783203125,11719.89404296875,2068.0,6.145999908447266,17.625999450683594,,,0.0,0.0,0.0,,,,788.0,767.0,,,,,,Cycling,2026-06-20,45.26,197.55,13.75,4.36,2585.3
23299702457,Zwift - Beach Island Loop in Watopia,virtual_ride,2026-06-18 15:36:59,27914.91015625,4216.0,4252.0,4216.0,315.0,6.620999813079834,12.680999755859377,0.0,0.0,,,,,,,110.0,0.0,,77.0,78.0,84.04215333958207,308.0,Cycling,2026-06-18,17.35,70.27,14.81,4.05,360.9
23288606060,Pool Swim,lap_swimming,2026-06-17 17:30:38,1828.800048828125,2003.133056640625,2809.6279296875,2003.133056640625,322.0,0.912999987602234,1.0410000085830688,137.0,160.0,2.299999952316284,0.0,37.2913818359375,,,,,,,,,,,Swimming,2026-06-17,1.14,33.39,2.04,29.41,
23286704815,Strength,strength_training,2026-06-17 13:08:47,0.0,3005.9560546875,3005.9560546875,3005.9560546875,226.0,0.0,,111.0,155.0,1.399999976158142,0.0,16.513046264648438,,,,,,,,,,,Strength & Cardio,2026-06-17,0.0,50.1,0.0,,
23269163646,Austin Running,running,2026-06-16 06:34:19,9264.8896484375,3600.7080078125,3652.9599609375,3591.135986328125,545.0,2.572999954223633,3.059999942779541,151.0,167.0,3.400000095367432,0.0,108.80149841308594,,,51.0,17.649999976158142,45.0,168.84375,,,,,Running,2026-06-16,5.76,60.01,5.76,10.42,57.9
23248376225,Austin Road Cycling,road_biking,2026-06-14 07:00:46,52168.078125,8197.4765625,12284.4716796875,8110.0,1643.0,6.363999843597412,19.315000534057617,,,0.0,0.0,0.0,,,,764.0,770.0,,,,,,Cycling,2026-06-14,32.42,136.62,14.24,4.21,2506.6
23235471539,Austin Running,running,2026-06-13 07:45:50,14590.7197265625,5700.9228515625,6532.18212890625,5658.931053161621,866.0,2.559000015258789,3.23799991607666,154.0,170.0,4.099999904632568,0.0,168.8015899658203,,,50.0,39.28999999165535,47.150000005960464,163.515625,,,,,Running,2026-06-13,9.07,95.02,5.72,10.49,128.9
23227586268,Pool Swim,lap_swimming,2026-06-12 16:26:02,2011.6800537109373,2289.928955078125,2894.179931640625,2289.928955078125,352.0,0.878000020980835,0.9900000095367432,129.0,153.0,2.0,0.0,24.879180908203125,,,,,,,,,,,Swimming,2026-06-12,1.25,38.17,1.96,30.61,
23227585366,Strength,strength_training,2026-06-12 15:25:52,0.0,1879.14794921875,1879.14794921875,1879.14794921875,184.0,0.0,,122.0,152.0,1.600000023841858,0.0,19.041534423828125,,,,,,,,,,,Strength & Cardio,2026-06-12,0.0,31.32,0.0,,
23203105567,Strength,strength_training,2026-06-10 12:10:29,0.0,2683.202880859375,2683.202880859375,2683.202880859375,164.0,0.0,,102.0,132.0,0.3000000119209289,0.0,4.414337158203125,,,,,,,,,,,Strength & Cardio,2026-06-10,0.0,44.72,0.0,,
23199722226,Austin Road Cycling,road_biking,2026-06-10 06:29:24,24881.5390625,3774.381103515625,3889.592041015625,3767.0,624.0,6.5920000076293945,11.803000450134276,,,0.0,0.0,0.0,,,,130.0,132.0,,,,,,Cycling,2026-06-10,15.46,62.91,14.75,4.07,426.5
23167219225,Austin Running,running,2026-06-07 10:41:04,15834.5400390625,5400.6279296875,6384.72119140625,5358.206970214844,957.0,2.931999921798706,3.5460000038146977,175.0,193.0,5.0,0.0,253.87884521484372,,,50.0,122.28999999165536,119.85000002384186,165.671875,,,,,Running,2026-06-07,9.84,90.01,6.56,9.15,401.2
23132919227,Zwift - Hill Repeats,virtual_ride,2026-06-04 14:39:48,28350.189453125,3621.0,3620.0,3620.0,390.0,7.828999996185303,12.66100025177002,0.0,0.0,,,,,,,113.0,0.0,,69.0,112.0,121.9367318879804,152.0,Cycling,2026-06-04,17.62,60.35,17.51,3.43,370.7
23121557393,Pool Workout,lap_swimming,2026-06-03 16:29:05,1645.9200439453125,2222.89208984375,2246.430908203125,1809.1739501953125,290.0,0.9100000262260438,1.0399999618530271,127.0,147.0,1.899999976158142,0.0,23.5753173828125,,,,,,,,,,,Swimming,2026-06-03,1.02,37.05,2.04,29.41,
23120285364,Strength,strength_training,2026-06-03 13:35:20,0.0,3188.568115234375,3188.568115234375,3188.568115234375,286.0,0.0,,122.0,167.0,2.0,0.0,27.830780029296875,,,,,,,,,,,Strength & Cardio,2026-06-03,0.0,53.14,0.0,,
23102494826,Austin Running,running,2026-06-02 06:10:19,8514.349609375,3000.39599609375,3064.451904296875,2995.572021484375,513.0,2.838000059127808,3.088000059127808,163.0,190.0,3.799999952316284,0.0,142.01470947265625,,,50.0,74.34000000357628,73.05000000074506,168.8125,,,,,Running,2026-06-02,5.29,50.01,6.35,9.45,243.9
23096959767,Pool Swim,lap_swimming,2026-06-01 16:42:55,2743.199951171875,3126.403076171875,3974.35302734375,3126.403076171875,484.0,0.8769999742507935,1.0080000162124634,144.0,174.0,2.799999952316284,0.0,60.14497375488281,,,,,,,,,,,Swimming,2026-06-01,1.7,52.11,1.96,30.61,
23071690839,Austin Road Cycling,road_biking,2026-05-30 11:07:17,61182.9609375,8618.705078125,9508.6962890625,8576.869995117188,1661.0,7.098999977111817,12.279000282287598,,,0.0,0.0,0.0,0.0,0.0,,429.0,428.0,,0.0,0.0,0.0,0.0,Cycling,2026-05-30,38.02,143.65,15.88,3.78,1407.5
23055715779,Austin Running,running,2026-05-29 06:33:42,9303.0,3326.742919921875,3412.342041015625,3320.473022460937,575.0,2.7960000038146973,3.275000095367432,168.0,187.0,4.0,0.0,161.90237426757812,,,50.0,37.62999999523163,39.730000019073486,166.515625,,,,,Running,2026-05-29,5.78,55.45,6.25,9.6,123.5
23022538743,Strength,strength_training,2026-05-26 12:15:35,0.0,3465.4970703125,3465.4970703125,3465.4970703125,309.0,0.0,,121.0,154.0,2.0,0.0,24.00279235839844,,,,,,,,,,,Strength & Cardio,2026-05-26,0.0,57.76,0.0,,
22997900953,Austin Road Cycling,road_biking,2026-05-24 06:55:06,95653.703125,13869.1796875,15802.4765625,13565.316040039062,2663.0,6.8969998359680185,14.154999732971191,,,0.0,0.0,0.0,,,,799.0,803.0,,,,,,Cycling,2026-05-24,59.44,231.15,15.43,3.89,2621.4
22986615104,Austin Running,running,2026-05-23 10:38:33,19007.76953125,6600.85888671875,7282.912109375,6543.47802734375,1116.0,2.880000114440918,7.006999969482422,164.0,183.0,4.900000095367432,0.0,241.89205932617188,,,50.0,125.01999999955297,129.27000001072884,164.203125,,,,,Running,2026-05-23,11.81,110.01,6.44,9.32,410.2
22975623881,Pool Swim,lap_swimming,2026-05-22 14:19:32,1584.9599609375,2130.550048828125,2289.85595703125,2085.657958984375,234.0,0.8050000071525574,0.950999975204468,136.0,154.0,2.299999952316284,0.0,39.34083557128906,,,,,,,,,,,Swimming,2026-05-22,0.98,35.51,1.8,33.33,
22975622717,Strength,strength_training,2026-05-22 13:16:04,0.0,2386.277099609375,2386.277099609375,2386.277099609375,189.0,0.0,,112.0,152.0,1.5,0.0,17.224624633789062,,,,,,,,,,,Strength & Cardio,2026-05-22,0.0,39.77,0.0,,
22965989988,Austin Running,running,2026-05-21 17:48:32,8163.33984375,3000.948974609375,3081.908935546875,2986.3829956054688,493.0,2.720000028610229,3.032000064849853,159.0,177.0,3.5,0.0,112.83128356933594,,,50.0,76.34000000357628,109.1899999976158,161.3125,,,,,Running,2026-05-21,5.07,50.02,6.08,9.87,250.5
22965568400,Pool Swim,lap_swimming,2026-05-21 16:47:29,2011.6800537109373,2141.6279296875,2600.528076171875,2141.6279296875,352.0,0.9390000104904176,1.0360000133514404,130.0,169.0,2.0,0.0,26.826828002929688,,,,,,,,,,,Swimming,2026-05-21,1.25,35.69,2.1,28.57,
22934827572,Austin Running,running,2026-05-19 06:16:14,8571.4501953125,3114.926025390625,3257.98388671875,3091.127975463867,544.0,2.752000093460083,4.385000228881836,167.0,193.0,4.300000190734863,0.2000000029802322,180.3267822265625,,,50.0,42.8299999833107,48.519999980926514,165.8125,,,,,Running,2026-05-19,5.33,51.92,6.16,9.74,140.5
22930652144,Austin Road Cycling,road_biking,2026-05-18 18:02:42,29300.73046875,5310.08984375,9486.095703125,5240.0,765.0,5.51800012588501,13.930999755859377,,,0.0,0.0,0.0,,,,276.0,276.0,,,,,,Cycling,2026-05-18,18.21,88.5,12.34,4.86,905.5
22919130831,Cycling,cycling,2026-05-17 08:00:00,80950.0,12000.0,12000.0,,1966.0,6.745833333333333,,,,,,,,,,,,,,,,,Cycling,2026-05-17,50.3,200.0,15.09,3.98,
22903037964,Austin Running,running,2026-05-16 07:56:19,16827.7109375,6000.47998046875,9854.876953125,5924.628021240234,996.0,2.803999900817871,3.5829999446868896,162.0,188.0,4.400000095367432,0.0,197.083251953125,,,50.0,148.43000000715256,126.37000000476836,164.09375,,,,,Running,2026-05-16,10.46,100.01,6.27,9.57,487.0
22892471773,Strength,strength_training,2026-05-15 11:23:52,0.0,3693.37890625,3693.37890625,3693.37890625,242.0,0.0,,104.0,155.0,1.2999999523162842,0.0,15.364944458007812,,,,,,,,,,,Strength & Cardio,2026-05-15,0.0,61.56,0.0,,
22890228704,Austin Cycling,cycling,2026-05-15 06:54:37,16569.380859375,2949.381103515625,7373.0908203125,2732.0,281.0,5.618000030517578,10.468999862670897,129.0,169.0,2.0,0.0,23.055419921875,,,,89.20000000298023,108.30000001192091,,,,,,Cycling,2026-05-15,10.3,49.16,12.57,4.77,292.7
22883974515,Pool Swim,lap_swimming,2026-05-14 17:06:06,2011.6800537109373,2303.51806640625,3173.375,2303.51806640625,352.0,0.8730000257492065,0.9850000143051147,129.0,160.0,2.0999999046325684,0.0,27.79290771484375,,,,,,,,,,,Swimming,2026-05-14,1.25,38.39,1.95,30.77,
22870536551,Austin Cycling,cycling,2026-05-13 12:35:17,29383.810546875,4242.06005859375,4242.06005859375,4013.995971679688,481.0,6.927000045776368,11.58899974822998,146.0,178.0,3.0,0.800000011920929,80.03689575195312,,,,149.52999997138977,135.15999999642372,,,,,,Cycling,2026-05-13,18.26,70.7,15.5,3.87,490.6
22854270395,Strength,strength_training,2026-05-12 07:08:03,0.0,2069.51708984375,2069.51708984375,2069.51708984375,186.0,0.0,,119.0,147.0,1.2999999523162842,0.0,14.793563842773438,,,,,,,,,,,Strength & Cardio,2026-05-12,0.0,34.49,0.0,,
22853788357,Austin Running,running,2026-05-12 06:01:17,8875.419921875,3195.083984375,3202.181884765625,3189.709014892578,544.0,2.778000116348266,3.013999938964844,160.0,181.0,3.900000095367432,0.0,151.94369506835938,,,50.0,46.5,65.44999998807907,167.984375,,,,,Running,2026-05-12,5.51,53.25,6.21,9.66,152.6
22845829228,Strength,strength_training,2026-05-11 12:08:35,0.0,2652.885986328125,2652.885986328125,2652.885986328125,196.0,0.0,,110.0,143.0,1.0,0.0,11.411483764648438,,,,,,,,,,,Strength & Cardio,2026-05-11,0.0,44.21,0.0,,
22834236925,Cardio,indoor_cardio,2026-05-10 09:32:05,0.0,3215.89794921875,3215.89794921875,0.0,548.0,0.0,,167.0,198.0,4.400000095367432,2.0,205.67950439453125,,,,,,,,,,,Strength & Cardio,2026-05-10,0.0,53.6,0.0,,
22824190407,Austin Running,running,2026-05-09 12:59:42,3184.199951171875,1201.530029296875,1253.1510009765625,1190.0,210.0,2.650000095367432,3.088000059127808,172.0,181.0,3.0999999046325684,0.0,77.0743408203125,,,50.0,17.019999999552965,38.11999999731779,159.109375,,,,,Running,2026-05-09,1.98,20.03,5.93,10.12,55.8
22823887101,Zwift - IRONMAN 70.3 Dallas-Little Elm - ZOOT Bike Course,virtual_ride,2026-05-09 09:45:36,86272.921875,10828.0,11091.0,10826.0,1166.0,7.967000007629394,12.842000007629396,0.0,0.0,,,,,,,391.0,0.0,,66.0,112.0,117.70769524559763,335.0,Cycling,2026-05-09,53.61,180.47,17.82,3.37,1282.8
22791713763,Austin Road Cycling,road_biking,2026-05-06 17:47:01,38785.76171875,6099.15185546875,8340.1484375,6029.0,1049.0,6.359000205993652,13.230999946594238,,,0.0,0.0,0.0,,,,330.0,330.0,,,,,,Cycling,2026-05-06,24.1,101.65,14.22,4.22,1082.7
22788383391,Strength,strength_training,2026-05-06 11:52:09,0.0,3124.242919921875,3124.242919921875,3124.242919921875,279.0,0.0,,122.0,173.0,2.200000047683716,0.6000000238418579,43.3773193359375,,,,,,,,,,,Strength & Cardio,2026-05-06,0.0,52.07,0.0,,
22776363070,Strength,strength_training,2026-05-05 12:01:56,0.0,3724.110107421875,3724.110107421875,3724.110107421875,210.0,0.0,,97.0,140.0,0.5,0.0,5.982223510742188,,,,,,,,,,,Strength & Cardio,2026-05-05,0.0,62.07,0.0,,
22765334242,Strength,strength_training,2026-05-04 14:09:12,0.0,2039.48095703125,2869.126953125,2039.48095703125,198.0,0.0,,130.0,167.0,2.5,0.800000011920929,58.05332946777344,,,,,,,,,,,Strength & Cardio,2026-05-04,0.0,33.99,0.0,,
22730401006,Strength,strength_training,2026-05-01 13:54:42,0.0,1823.345947265625,1823.345947265625,1823.345947265625,218.0,0.0,,138.0,176.0,2.299999952316284,0.0,42.72575378417969,,,,,,,,,,,Strength & Cardio,2026-05-01,0.0,30.39,0.0,,
22730400915,Treadmill Running,treadmill_running,2026-05-01 13:09:32,6681.919921875,2400.8369140625,2509.738037109375,2399.3270263671875,369.0,2.782999992370605,3.2839999198913574,154.0,167.0,3.0,0.0,72.69123840332031,,,,,,166.75,,,,,Running,2026-05-01,4.15,40.01,6.23,9.63,
22707544880,Zwift - Volcano Circuit in Watopia,virtual_ride,2026-04-29 15:50:36,34158.51953125,4517.0,4518.0,4516.0,524.0,7.561999797821045,16.274999618530273,0.0,0.0,,,,,,,337.0,0.0,,54.0,121.0,126.57057301646849,238.0,Cycling,2026-04-29,21.23,75.28,16.92,3.55,1105.6
22695210626,Strength,strength_training,2026-04-28 16:09:39,0.0,2647.19189453125,2647.19189453125,2647.19189453125,237.0,0.0,,119.0,148.0,1.2000000476837158,0.0,14.98126220703125,,,,,,,,,,,Strength & Cardio,2026-04-28,0.0,44.12,0.0,,
22688596931,Austin Running,running,2026-04-28 06:13:07,8061.33984375,2810.907958984375,2817.35205078125,2808.536009788513,490.0,2.868000030517578,3.219000101089477,168.0,185.0,3.900000095367432,0.0,148.52780151367188,,,51.0,53.93999999761581,71.43000000715256,167.5625,,,,,Running,2026-04-28,5.01,46.85,6.42,9.35,177.0
22680209174,Strength,strength_training,2026-04-27 11:46:52,0.0,2702.589111328125,2702.589111328125,2702.589111328125,252.0,0.0,,123.0,162.0,2.0999999046325684,0.3000000119209289,33.68748474121094,,,,,,,,,,,Strength & Cardio,2026-04-27,0.0,45.04,0.0,,
22790805249,Brewster County Road Cycling,road_biking,2026-04-25 07:18:55,42364.359375,7095.884765625,8529.8828125,7055.747009277344,1187.0,5.9699997901916495,13.51099967956543,,,0.0,0.0,0.0,,,,451.0,452.0,,,,,,Cycling,2026-04-25,26.32,118.26,13.35,4.49,1479.7
22611810044,Austin Running,running,2026-04-21 16:29:12,9818.2900390625,3300.31591796875,3653.049072265625,3273.0,598.0,2.9749999046325684,3.3399999141693115,163.0,188.0,4.400000095367432,0.0,192.55462646484372,,,51.0,30.52999997138977,24.94999998807907,164.578125,,,,,Running,2026-04-21,6.1,55.01,6.65,9.02,100.2
22610463566,Strength,strength_training,2026-04-21 13:50:34,0.0,2240.679931640625,2240.679931640625,2240.679931640625,202.0,0.0,,117.0,169.0,2.0,0.0,26.0721435546875,,,,,,,,,,,Strength & Cardio,2026-04-21,0.0,37.34,0.0,,
22598642844,Strength,strength_training,2026-04-20 15:17:10,0.0,2913.198974609375,2913.198974609375,2913.198974609375,277.0,0.0,,125.0,161.0,2.0999999046325684,0.0,30.62774658203125,,,,,,,,,,,Strength & Cardio,2026-04-20,0.0,48.55,0.0,,
22586959885,Austin Running,running,2026-04-19 12:09:39,14611.3095703125,5100.59814453125,6234.92822265625,4937.533000946045,828.0,2.865000009536743,4.8429999351501465,155.0,181.0,4.199999809265137,0.1000000014901161,182.9693298339844,,,51.0,117.09000000357628,97.17000000178814,159.953125,,,,,Running,2026-04-19,9.08,85.01,6.41,9.36,384.2
22573045710,Austin Running,running,2026-04-18 10:36:12,3294.739990234375,1201.1619873046875,1417.4139404296875,1179.0,201.0,2.743000030517578,3.275000095367432,153.0,175.0,2.900000095367432,0.0,66.94352722167969,,,,16.400000005960464,12.810000002384186,161.15625,,,,,Running,2026-04-18,2.05,20.02,6.14,9.77,53.8
22572468652,Austin Road Cycling,road_biking,2026-04-18 07:52:11,49356.44921875,7065.423828125,8935.42578125,7047.9560546875,1446.0,6.986000061035156,15.750000000000002,,,0.0,0.0,0.0,,,,511.0,515.0,,,,,,Cycling,2026-04-18,30.67,117.76,15.63,3.84,1676.5
22564058987,Pool Swim,lap_swimming,2026-04-17 17:22:49,1394.4599609375,1785.9119873046875,2081.68798828125,1733.4200439453125,230.0,0.8360000252723694,0.9710000157356264,127.0,162.0,1.899999976158142,0.0,23.828277587890625,,,,,,,,,,,Swimming,2026-04-17,0.87,29.77,1.87,32.09,
22553265824,Strength,strength_training,2026-04-16 18:03:59,0.0,2405.965087890625,2405.965087890625,2405.965087890625,237.0,0.0,,127.0,157.0,2.0,0.0,23.00323486328125,,,,,,,,,,,Strength & Cardio,2026-04-16,0.0,40.1,0.0,,
22552924376,Austin Running,running,2026-04-16 17:11:26,5974.52001953125,2400.89599609375,2568.43798828125,2378.802001953125,360.0,2.48799991607666,2.930000066757202,147.0,164.0,2.900000095367432,0.0,64.74296569824219,,,50.0,25.259999990463257,27.68000000715256,157.015625,,,,,Running,2026-04-16,3.71,40.01,5.57,10.77,82.9
22546009538,Pool Swim,lap_swimming,2026-04-16 06:04:08,1828.800048828125,2218.841064453125,2676.362060546875,2218.841064453125,300.0,0.8240000009536743,0.9559999704360962,129.0,151.0,2.0,0.0,24.364898681640625,,,,,,,,,,,Swimming,2026-04-16,1.14,36.98,1.84,32.61,
22529692912,Travis County Road Cycling,road_biking,2026-04-14 18:11:27,33385.19140625,5009.67822265625,6243.67578125,4989.0,1005.0,6.664000034332275,17.47599983215332,,,0.0,0.0,0.0,,,,381.0,377.0,,,,,,Cycling,2026-04-14,20.74,83.49,14.91,4.02,1250.0
22521835443,Strength,strength_training,2026-04-14 06:23:22,0.0,2604.37890625,2604.37890625,2604.37890625,261.0,0.0,,126.0,151.0,1.899999976158142,0.0,22.50521850585937,,,,,,,,,,,Strength & Cardio,2026-04-14,0.0,43.41,0.0,,
22514419017,Strength,strength_training,2026-04-13 12:52:53,0.0,2621.56201171875,2638.208984375,2621.56201171875,191.0,0.0,,109.0,142.0,1.2000000476837158,0.0,13.78350830078125,,,,,,,,,,,Strength & Cardio,2026-04-13,0.0,43.69,0.0,,
22503376102,Strength,strength_training,2026-04-12 11:31:14,0.0,2733.97998046875,2733.97998046875,2733.97998046875,297.0,0.0,,135.0,170.0,2.5,0.0,49.64228820800781,,,,,,,,,,,Strength & Cardio,2026-04-12,0.0,45.57,0.0,,
22502693903,Austin Running,running,2026-04-12 09:49:49,12770.849609375,4500.19384765625,5006.84814453125,4449.773010253906,803.0,2.838000059127808,3.190999984741211,176.0,195.0,5.0,0.0,235.1046600341797,,,50.0,103.07000000029802,98.40000000596046,162.765625,,,,,Running,2026-04-12,7.94,75.0,6.35,9.45,338.2
22492896770,Austin Running,running,2026-04-11 14:56:12,2686.590087890625,900.3579711914062,1100.0269775390625,881.0,160.0,2.983999967575073,3.3589999675750737,169.0,191.0,3.0,0.0,79.21981811523438,,,51.0,4.569999992847443,10.479999989271164,158.15625,,,,,Running,2026-04-11,1.67,15.01,6.68,8.98,15.0
22465193378,Austin Running,running,2026-04-09 07:08:17,6051.8798828125,2401.152099609375,2413.615966796875,2399.1010131835938,379.0,2.5199999809265137,2.8269999027252197,162.0,180.0,3.0999999046325684,0.0,86.64521789550781,,,51.0,29.239999994635586,33.28999999165535,164.1875,,,,,Running,2026-04-09,3.76,40.02,5.64,10.64,95.9
22464532639,Pool Swim,lap_swimming,2026-04-09 06:07:39,1463.0400390625,1628.4649658203125,2391.75390625,1628.4649658203125,240.0,0.8980000019073486,1.0470000505447388,135.0,168.0,2.200000047683716,0.1000000014901161,37.547607421875,,,,,,,,,,,Swimming,2026-04-09,0.91,27.14,2.01,29.85,
22459142399,Strength,strength_training,2026-04-08 16:04:25,0.0,2913.533935546875,2913.533935546875,2913.533935546875,277.0,0.0,,126.0,169.0,2.299999952316284,0.0,39.07124328613281,,,,,,,,,,,Strength & Cardio,2026-04-08,0.0,48.56,0.0,,
22452799856,Austin Cycling,cycling,2026-04-08 06:20:11,38791.0703125,6049.162109375,6803.330078125,5964.0,1019.0,6.413000106811523,14.35099983215332,,,,,,,,,256.0,263.0,,,,,,Cycling,2026-04-08,24.1,100.82,14.35,4.18,839.9
22446658187,Austin Running,running,2026-04-07 17:22:30,9045.3798828125,3001.5,3158.7451171875,2989.1589965820312,558.0,3.013999938964844,3.619999885559082,179.0,196.0,4.599999904632568,0.0,225.90025329589844,,,51.0,33.70999997854233,47.85000002384186,162.671875,,,,,Running,2026-04-07,5.62,50.02,6.74,8.9,110.6
22434461634,Strength,strength_training,2026-04-06 21:25:49,0.0,3686.14208984375,3686.14208984375,3686.14208984375,361.0,0.0,,127.0,163.0,2.200000047683716,0.0,36.16383361816406,,,,,,,,,,,Strength & Cardio,2026-04-06,0.0,61.44,0.0,,
22375090148,Strength,strength_training,2026-04-01 12:33:00,0.0,2717.616943359375,2717.616943359375,2717.616943359375,187.0,0.0,,105.0,135.0,0.6000000238418579,0.0,8.136306762695312,,,,,,,,,,,Strength & Cardio,2026-04-01,0.0,45.29,0.0,,
22366736233,Travis County Cycling,cycling,2026-03-31 18:03:44,33638.671875,4944.43017578125,5903.43798828125,4925.0,951.0,6.802999973297119,16.673999786376953,,,,,,,,,273.0,273.0,,,,,,Cycling,2026-03-31,20.9,82.41,15.22,3.94,895.7
22363177309,Strength,strength_training,2026-03-31 11:58:57,0.0,2861.498046875,2861.498046875,2861.498046875,232.0,0.0,,113.0,157.0,1.600000023841858,0.1000000014901161,20.79902648925781,,,,,,,,,,,Strength & Cardio,2026-03-31,0.0,47.69,0.0,,
22355172878,Austin Cycling,cycling,2026-03-30 18:16:02,27022.169921875,5548.64306640625,9267.8779296875,4925.0,487.0,4.869999885559082,12.017999649047852,130.0,189.0,2.200000047683716,0.4000000059604645,43.02919006347656,,,,220.5199999809265,225.37999999523163,,,,,,Cycling,2026-03-30,16.79,92.48,10.89,5.51,723.5
22339716121,Austin Cycling,cycling,2026-03-29 07:33:59,55187.171875,7299.14990234375,8956.1328125,7240.0,1565.0,7.560999870300293,16.655000686645508,,,,,,,,,360.0,364.0,,,,,,Cycling,2026-03-29,34.29,121.65,16.91,3.55,1181.1
22337097902,Austin Cycling,cycling,2026-03-27 06:39:37,19333.939453125,4018.12109375,7805.0927734375,3907.0,484.0,4.811999797821045,12.017999649047852,,,,,,,,,203.0,221.0,,,,,,Cycling,2026-03-27,12.01,66.97,10.76,5.58,666.0
22310697814,Austin Running,running,2026-03-26 16:04:06,9670.4697265625,3407.18310546875,3937.635986328125,3386.0670166015625,636.0,2.838000059127808,3.2939999103546147,186.0,201.0,4.800000190734863,0.800000011920929,259.65850830078125,,,51.0,37.61000001430512,82.87000000476837,160.140625,,,,,Running,2026-03-26,6.01,56.79,6.35,9.45,123.4
22282624895,Austin Running,running,2026-03-24 06:21:42,10055.259765625,3683.385009765625,3869.74609375,3675.309967041016,630.0,2.7300000190734863,3.9839999675750737,171.0,188.0,4.400000095367432,0.0,204.61534118652344,,,50.0,44.70999997854233,43.11999999731779,161.421875,,,,,Running,2026-03-24,6.25,61.39,6.11,9.82,146.7
22252917016,Park City Running,running,2026-03-21 12:19:31,8059.85009765625,2760.8779296875,3176.491943359375,2748.6959838867188,511.0,2.9189999103546143,3.312000036239624,179.0,197.0,4.099999904632568,0.0,179.96363830566406,,,48.0,35.44999998807907,33.479999989271164,166.46875,,,,,Running,2026-03-21,5.01,46.01,6.53,9.19,116.3
22185685059,Little Elm Running,running,2026-03-15 12:02:06,21085.0703125,7243.1572265625,7243.1572265625,7158.445018768311,1325.0,2.9110000133514404,3.956000089645386,178.0,195.0,5.0,0.1000000014901161,330.8120422363281,,,52.0,170.49000000953674,179.44999998807907,164.484375,,,,,Running,2026-03-15,13.1,120.72,6.51,9.22,559.4
22185653812,Little Elm Cycling,cycling,2026-03-15 08:54:42,90631.3671875,11191.1689453125,11191.1689453125,11134.914978027344,1629.0,8.097999572753906,15.96500015258789,174.0,196.0,5.0,2.0999999046325684,446.9343566894531,,,,620.1700000017881,617.3799999952316,,,,,,Cycling,2026-03-15,56.32,186.52,18.11,3.31,2034.7
22170010393,Frisco Running,running,2026-03-14 07:33:23,3230.929931640625,1115.7230224609375,1115.7230224609375,1114.7560000419617,201.0,2.8959999084472656,3.1719999313354497,160.0,178.0,3.0999999046325684,0.0,82.43214416503906,,,52.0,19.150000005960464,12.949999988079073,165.953125,,,,,Running,2026-03-14,2.01,18.6,6.48,9.26,62.8
22155183830,Zwift - New Workout,virtual_ride,2026-03-12 18:42:23,26928.75,3610.0,3886.0,3610.0,342.0,7.459000110626222,13.157999992370604,0.0,0.0,,,,,,,145.0,0.0,,78.0,99.0,100.0123049941662,248.0,Cycling,2026-03-12,16.73,60.17,16.69,3.59,475.7
22143150857,Austin Running,running,2026-03-11 16:00:50,6051.81005859375,1921.126953125,1942.156005859375,1917.7019958496091,362.0,3.150000095367432,3.788000106811523,174.0,194.0,3.799999952316284,0.0,146.2874298095703,,,51.0,50.62999999523163,49.639999985694885,165.15625,,,,,Running,2026-03-11,3.76,32.02,7.05,8.51,166.1
22133197581,Travis County Cycling,cycling,2026-03-10 18:10:36,32953.12890625,4473.8427734375,6087.8349609375,4442.0,978.0,7.366000175476075,16.365999221801758,,,,,,,,,267.0,273.0,,,,,,Cycling,2026-03-10,20.48,74.56,16.48,3.64,876.0
22128936970,Strength,strength_training,2026-03-10 11:58:47,0.0,2154.74609375,2154.74609375,2154.74609375,224.0,0.0,,126.0,171.0,2.200000047683716,0.0,36.681182861328125,,,,,,,,,,,Strength & Cardio,2026-03-10,0.0,35.91,0.0,,
22113528621,Pool Swim,lap_swimming,2026-03-09 05:30:51,1828.800048828125,2083.696044921875,2641.06591796875,2026.988037109375,326.0,0.9020000100135804,1.3600000143051143,129.0,149.0,1.899999976158142,0.0,22.785903930664062,,,,,,,,,,,Swimming,2026-03-09,1.14,34.73,2.02,29.7,
22082077992,Austin Cycling,cycling,2026-03-06 06:58:31,23521.2109375,4169.10302734375,8724.515625,4146.0,538.0,5.642000198364257,11.253000259399414,,,,,,,,,103.0,114.0,,,,,,Cycling,2026-03-06,14.62,69.49,12.62,4.75,337.9
22069488728,Pool Swim,lap_swimming,2026-03-05 05:28:09,2560.320068359375,2990.544921875,3824.781982421875,2990.544921875,450.0,0.8560000061988832,1.093999981880188,139.0,160.0,2.299999952316284,0.0,44.70118713378906,,,,,,,,,,,Swimming,2026-03-05,1.59,49.84,1.91,31.41,
22062542932,Strength,strength_training,2026-03-04 12:04:05,0.0,3539.305908203125,3539.305908203125,3539.305908203125,277.0,0.0,,111.0,158.0,1.399999976158142,0.0,19.21104431152344,,,,,,,,,,,Strength & Cardio,2026-03-04,0.0,58.99,0.0,,
22046733474,Austin Running,running,2026-03-03 06:32:08,8058.60009765625,2832.6640625,3207.498046875,2796.637002468109,496.0,2.845000028610229,3.7980000972747807,161.0,185.0,3.5,0.0,131.87278747558594,,,52.0,45.95999997854233,62.68999999761581,162.953125,,,,,Running,2026-03-03,5.01,47.21,6.36,9.43,150.8
22041730137,Pool Swim,lap_swimming,2026-03-02 18:11:40,2286.0,2667.64404296875,2925.70703125,2666.485107421875,400.0,0.8569999933242798,1.0420000553131104,119.0,148.0,1.2000000476837158,0.0,15.550888061523438,,,,,,,,,,,Swimming,2026-03-02,1.42,44.46,1.92,31.25,
22015459032,Montgomery County Running,running,2026-02-28 06:54:48,21299.69921875,7274.15283203125,7274.15283203125,7271.659973144531,1277.0,2.9279999732971187,4.0960001945495605,157.0,193.0,5.0,0.4000000059604645,283.7533569335937,,,52.0,44.30000001192093,53.87999999523163,168.46875,,,,,Running,2026-02-28,13.24,121.24,6.55,9.16,145.3
22002322611,Pool Swim,lap_swimming,2026-02-27 05:30:43,2560.320072251061,2876.257080078125,3405.531982421875,2876.257080078125,450.0,0.8901569200009122,1.3300000429153442,141.0,161.0,2.5,0.0,53.78587341308594,,,,,,,,,,,Swimming,2026-02-27,1.59,47.94,1.99,30.15,
21987134619,Austin Running,running,2026-02-25 16:46:56,9672.7001953125,3231.672119140625,3265.66796875,3222.179992675781,588.0,2.9930000305175777,3.322000026702881,171.0,188.0,4.099999904632568,0.0,183.30984497070312,,,51.0,72.44999998807907,116.61000001430511,164.84375,,,,,Running,2026-02-25,6.01,53.86,6.7,8.96,237.7
21984988344,Strength,strength_training,2026-02-25 12:19:09,0.0,3027.4169921875,3027.4169921875,3027.4169921875,213.0,0.0,,107.0,140.0,0.699999988079071,0.0,8.965713500976562,,,,,,,,,,,Strength & Cardio,2026-02-25,0.0,50.46,0.0,,
21972739790,Strength,strength_training,2026-02-24 11:37:01,0.0,2870.5810546875,2870.5810546875,2870.5810546875,330.0,0.0,,134.0,172.0,2.299999952316284,0.4000000059604645,49.51417541503906,,,,,,,,,,,Strength & Cardio,2026-02-24,0.0,47.84,0.0,,
21969490555,Austin Running,running,2026-02-24 06:31:01,10151.0595703125,3106.166015625,3396.222900390625,3098.0559997558594,599.0,3.2679998874664307,4.525000095367432,172.0,193.0,4.699999809265137,0.5,251.1646423339844,,,51.0,34.15999999642372,29.660000026226044,172.234375,,,,,Running,2026-02-24,6.31,51.77,7.31,8.21,112.1
21963623185,Pool Swim,lap_swimming,2026-02-23 15:24:04,2286.0,2552.89599609375,2638.360107421875,2552.89599609375,400.0,0.8949999809265137,1.0329999923706057,112.0,140.0,0.699999988079071,0.0,10.074478149414062,,,,,,,,,,,Swimming,2026-02-23,1.42,42.55,2.0,30.0,
21951357726,Austin Open Water Swimming,open_water_swimming,2026-02-22 10:38:58,1595.0,1967.4449462890625,2029.384033203125,1924.0,265.0,0.8109999895095826,1.5000000000000002,120.0,131.0,1.0,0.0,13.514083862304688,,,,,,,,,,,Swimming,2026-02-22,0.99,32.79,1.81,33.15,
21940740092,Zwift - Coast Crusher in Watopia,virtual_ride,2026-02-21 08:21:56,90264.8671875,10816.0,10818.0,10815.0,1306.0,8.345000267028809,13.435999870300297,0.0,0.0,,,,,,,462.0,0.0,,89.0,126.0,132.4141796137498,328.0,Cycling,2026-02-21,56.09,180.27,18.67,3.21,1515.7
21928636118,Austin Open Water Swimming,open_water_swimming,2026-02-20 08:33:18,1554.9200439453125,2029.0899658203125,2851.430908203125,1994.0,256.0,0.7659999728202821,1.3029999732971191,117.0,136.0,0.699999988079071,0.0,9.231781005859377,,,,,,,,,,,Swimming,2026-02-20,0.97,33.82,1.71,35.09,
21928585292,Austin Running,running,2026-02-20 06:17:43,14503.2001953125,5418.9150390625,5449.40576171875,5395.135964393616,853.0,2.6760001182556152,3.2279999256134038,146.0,166.0,3.5999999046325684,0.0,136.64544677734375,,,51.0,70.00999999977648,79.43000000715256,168.796875,,,,,Running,2026-02-20,9.01,90.32,5.99,10.02,229.7
21922629639,Austin Running,running,2026-02-19 16:12:24,9686.2802734375,2938.9619140625,3622.7939453125,2899.4170083999634,569.0,3.2960000038146973,3.7699999809265137,181.0,197.0,4.5,1.0,245.8787384033203,,,51.0,89.0,118.01999999955297,171.21875,,,,,Running,2026-02-19,6.02,48.98,7.37,8.14,292.0
21913016854,Austin Running,running,2026-02-18 18:17:31,5896.169921875,2100.741943359375,2147.02392578125,2087.997985839844,354.0,2.806999921798706,3.200000047683716,159.0,179.0,3.0999999046325684,0.0,89.44143676757812,,,51.0,31.860000014305115,56.11999999731779,163.984375,,,,,Running,2026-02-18,3.66,35.01,6.28,9.55,104.5
21912785278,Zwift - New Workout on Volcano Flat in Watopia,virtual_ride,2026-02-18 16:44:06,41159.78125,5412.0,5411.0,5411.0,512.0,7.605000019073486,12.717000007629396,0.0,0.0,,,,,,,162.0,0.0,,83.0,99.0,99.05744245073215,120.0,Cycling,2026-02-18,25.58,90.2,17.01,3.53,531.5
21910414441,Strength,strength_training,2026-02-18 12:04:04,0.0,3346.447021484375,3346.447021484375,3346.447021484375,255.0,0.0,,111.0,145.0,0.800000011920929,0.0,10.75274658203125,,,,,,,,,,,Strength & Cardio,2026-02-18,0.0,55.77,0.0,,
21901772479,Strength,strength_training,2026-02-17 16:15:57,0.0,4148.08984375,4148.08984375,4148.08984375,369.0,0.0,,121.0,157.0,1.5,0.0,20.15240478515625,,,,,,,,,,,Strength & Cardio,2026-02-17,0.0,69.13,0.0,,
21895965040,Austin Running,running,2026-02-17 06:30:02,8849.830078125,3135.27197265625,3176.4189453125,3129.43701171875,549.0,2.822999954223633,3.0230000019073486,163.0,184.0,3.700000047683716,0.0,149.32313537597656,,,51.0,49.25,46.400000005960464,166.984375,,,,,Running,2026-02-17,5.5,52.25,6.31,9.51,161.6
21878016276,Austin Cycling,cycling,2026-02-15 06:40:16,39434.1484375,7507.2509765625,14646.2041015625,7365.0,935.0,5.252999782562256,11.206000328063965,,,,,,,,,286.0,307.0,,,,,,Cycling,2026-02-15,24.5,125.12,11.75,5.11,938.3
21869031226,Zwift - IRONMAN 70.3 Dallas-Little Elm - ZOOT Bike Course on Croissant in France,virtual_ride,2026-02-14 10:19:50,96915.953125,11666.0,11665.0,11664.0,1395.0,8.307000160217285,12.95300006866455,0.0,0.0,,,,,,,518.0,0.0,,72.0,125.0,126.41740753698524,171.0,Cycling,2026-02-14,60.22,194.43,18.58,3.23,1699.5
21856388266,Austin Cycling,cycling,2026-02-13 06:39:51,30606.349609375,5424.0361328125,10145.00390625,5296.0,716.0,5.64300012588501,12.008999824523926,,,,,,,,,150.0,153.0,,,,,,Cycling,2026-02-13,19.02,90.4,12.62,4.75,492.1
21849749908,Austin Running,running,2026-02-12 14:43:46,6837.4501953125,2400.922119140625,2400.922119140625,2396.6079711914062,417.0,2.8480000495910645,3.3589999675750737,164.0,183.0,3.299999952316284,0.0,114.4984893798828,,,51.0,53.23999999463558,69.37000000476837,165.65625,,,,,Running,2026-02-12,4.25,40.02,6.37,9.42,174.7
21849376405,Zwift - New Workout on Kappa Quest in Makuri Islands,virtual_ride,2026-02-12 13:01:52,27278.1796875,5415.0,5417.0,5410.0,512.0,5.037000179290772,16.792999267578125,0.0,0.0,,,,,,,420.0,0.0,,83.0,98.0,99.03932690021624,214.0,Cycling,2026-02-12,16.95,90.25,11.27,5.32,1378.0
21840073701,Strength,strength_training,2026-02-11 16:07:19,0.0,1867.8079833984373,1867.8079833984373,1867.8079833984373,159.0,0.0,,115.0,141.0,0.699999988079071,0.0,9.73199462890625,,,,,,,,,,,Strength & Cardio,2026-02-11,0.0,31.13,0.0,,
21829503887,Strength,strength_training,2026-02-10 16:14:12,0.0,2689.760009765625,2689.760009765625,2689.760009765625,243.0,0.0,,121.0,171.0,2.0,0.1000000014901161,29.84272766113281,,,,,,,,,,,Strength & Cardio,2026-02-10,0.0,44.83,0.0,,
21823999667,Austin Running,running,2026-02-10 06:29:09,8061.77978515625,2712.319091796875,3898.076904296875,2692.4769897460938,484.0,2.9719998836517334,4.151999950408936,161.0,190.0,3.700000047683716,0.0,154.08311462402344,,,51.0,25.019999999552965,23.27000001072884,165.75,,,,,Running,2026-02-10,5.01,45.21,6.65,9.02,82.1
21812515092,Pool Swim,lap_swimming,2026-02-09 05:26:56,1988.8199462890625,2467.320068359375,4000.89501953125,2366.697021484375,360.0,0.8399999737739563,1.562999963760376,147.0,177.0,2.5999999046325684,0.2000000029802322,66.01730346679688,,,,,,,,,,,Swimming,2026-02-09,1.24,41.12,1.88,31.91,
21805122738,Austin Running,running,2026-02-08 09:18:43,4844.93994140625,1489.93505859375,1633.595947265625,1477.5949997901917,277.0,3.2520000934600835,3.6480000019073486,168.0,185.0,3.299999952316284,0.0,115.19859313964844,,,51.0,31.239999994635586,35.40999999642372,171.8125,,,,,Running,2026-02-08,3.01,24.83,7.27,8.25,102.5
21804658528,Austin Cycling,cycling,2026-02-08 06:52:36,48497.21875,7504.65185546875,8303.109375,7197.800998687744,689.0,6.461999893188477,13.753000259399414,136.0,170.0,2.400000095367432,0.0,52.84013366699219,,,,358.50999999046326,369.0900000035763,,,,,,Cycling,2026-02-08,30.13,125.08,14.46,4.15,1176.2
21794571934,Pool Swim,lap_swimming,2026-02-07 07:56:25,2103.1201171875,2501.300048828125,4076.251953125,2485.344970703125,390.0,0.8460000157356262,1.065000057220459,143.0,181.0,2.700000047683716,0.699999988079071,77.8179931640625,,,,,,,,,,,Swimming,2026-02-07,1.31,41.69,1.89,31.75,
21782807700,Austin Running,running,2026-02-06 06:18:20,13975.5302734375,4918.39306640625,6125.15576171875,4893.072998046875,860.0,2.8410000801086426,3.815999984741211,160.0,180.0,4.300000190734863,0.0,210.32583618164065,,,51.0,86.49000000953674,87.81000000238419,168.875,,,,,Running,2026-02-06,8.68,81.97,6.36,9.43,283.8
21772019887,Pool Swim,lap_swimming,2026-02-05 05:29:17,2514.60009765625,3000.9619140625,4116.6748046875,3000.9619140625,462.0,0.837999999523163,1.0080000162124634,151.0,185.0,3.299999952316284,0.0,115.03628540039062,,,,,,,,,,,Swimming,2026-02-05,1.56,50.02,1.87,32.09,
21767992577,Austin Running,running,2026-02-04 17:35:56,11279.1201171875,3412.112060546875,4204.56298828125,3388.0,651.0,3.305999994277954,3.86299991607666,158.0,183.0,4.300000190734863,0.0,208.587890625,,,51.0,52.46000000834465,43.49000000953674,168.546875,,,,,Running,2026-02-04,7.01,56.87,7.4,8.11,172.1
21767359289,Strength,strength_training,2026-02-04 16:01:12,0.0,3656.64208984375,3656.64208984375,3656.64208984375,241.0,0.0,,104.0,148.0,0.5,0.0,7.088180541992188,,,,,,,,,,,Strength & Cardio,2026-02-04,0.0,60.94,0.0,,
21756271517,Strength,strength_training,2026-02-03 15:44:09,0.0,2823.2109375,2992.84912109375,2823.2109375,258.0,0.0,,121.0,170.0,1.899999976158142,0.2000000029802322,28.42832946777344,,,,,,,,,,,Strength & Cardio,2026-02-03,0.0,47.05,0.0,,
21746508172,Zwift - New Workout on Tempus Fugit in Watopia,virtual_ride,2026-02-02 17:36:43,63541.109375,7227.0,7234.0,7226.0,839.0,8.791999816894531,11.3120002746582,0.0,0.0,,,,,,,99.0,0.0,,79.0,121.0,124.71629990876912,155.0,Cycling,2026-02-02,39.48,120.45,19.67,3.05,324.8
21722390622,Austin Running,running,2026-01-31 09:00:39,12890.9296875,4478.8427734375,4717.64111328125,4466.786987304688,798.0,2.8780000209808345,3.302999973297119,157.0,178.0,4.400000095367432,0.0,222.5732879638672,,,51.0,95.23000000417233,89.28999999165535,170.390625,,,,,Running,2026-01-31,8.01,74.65,6.44,9.32,312.4
21715321783,Zwift - New Workout on Jarvis Seaside Sprint in Watopia,virtual_ride,2026-01-30 17:02:30,37490.3984375,5436.0,5436.0,5435.0,513.0,6.895999908447266,13.95300006866455,0.0,0.0,,,,,,,287.0,0.0,,83.0,98.0,99.10288286020636,133.0,Cycling,2026-01-30,23.3,90.6,15.43,3.89,941.6
21706132235,Austin Running,running,2026-01-29 16:09:14,9673.3798828125,2747.2060546875,3620.904052734375,2736.12099647522,514.0,3.5209999084472656,6.204999923706055,174.0,194.0,4.5,2.900000095367432,299.60076904296875,,,51.0,53.889999985694885,41.68000000715256,168.71875,,,,,Running,2026-01-29,6.01,45.79,7.88,7.61,176.8
21700906931,Strength,strength_training,2026-01-28 16:25:05,0.0,2563.68408203125,2563.68408203125,2563.68408203125,295.0,0.0,,133.0,163.0,2.0999999046325684,0.0,31.7757568359375,,,,,,,,,,,Strength & Cardio,2026-01-28,0.0,42.73,0.0,,
21700905904,Austin Running,running,2026-01-28 15:45:25,6166.35986328125,1800.958984375,1817.155029296875,1793.2330017089844,355.0,3.4240000247955327,3.974999904632568,176.0,195.0,4.0,0.0,179.2523956298828,,,51.0,19.709999978542328,34.55000001192093,170.421875,,,,,Running,2026-01-28,3.83,30.02,7.66,7.83,64.7
21695193264,Zwift - SST (Med) on Beach Island Loop in Watopia,virtual_ride,2026-01-28 13:46:47,43465.12109375,5118.0,5118.0,5114.0,632.0,8.491999626159668,14.517999649047852,0.0,0.0,,,,,,,165.0,0.0,,81.0,129.0,134.87145467479448,176.0,Cycling,2026-01-28,27.01,85.3,19.0,3.16,541.3
21685375544,Strength,strength_training,2026-01-27 16:48:38,0.0,1660.43798828125,1660.43798828125,1660.43798828125,204.0,0.0,,137.0,173.0,2.299999952316284,0.4000000059604645,50.20405578613281,,,,,,,,,,,Strength & Cardio,2026-01-27,0.0,27.67,0.0,,
21674377138,Zwift - New Workout on Lutscher in Innsbruck,virtual_ride,2026-01-26 14:45:13,20979.099609375,5408.0,5407.0,5403.0,532.0,3.878999948501587,21.74600028991699,0.0,0.0,,,,,,,631.0,0.0,,84.0,103.0,107.02134864702288,127.0,Cycling,2026-01-26,13.04,90.13,8.68,6.91,2070.2
21662199649,Zwift - The Egyptian on Whole Lotta Lava in Watopia,virtual_ride,2026-01-25 09:14:59,27955.400390625,3881.0,4216.0,3878.0,441.0,7.203000068664551,15.302000045776367,0.0,0.0,,,,,,,335.0,0.0,,76.0,118.0,126.09665889318974,172.0,Cycling,2026-01-25,17.37,64.68,16.11,3.72,1099.1
21629546771,Austin Running,running,2026-01-22 06:01:29,17729.5,6038.1689453125,6043.88818359375,6025.658015727997,1083.0,2.936000108718872,3.619999885559082,169.0,194.0,5.0,0.0,285.0689697265625,,,51.0,71.10000000149012,68.64999997615814,167.703125,,,,,Running,2026-01-22,11.02,100.64,6.57,9.13,233.3
21613986924,Austin Running,running,2026-01-20 17:21:09,6853.77978515625,2124.39990234375,3001.68994140625,2109.0,387.0,3.2260000705718994,6.139999866485596,154.0,183.0,3.700000047683716,0.0,144.25633239746094,,,51.0,34.910000026226044,43.09000000357628,171.09375,,,,,Running,2026-01-20,4.26,35.41,7.22,8.31,114.5
21613401755,Strength,strength_training,2026-01-20 16:04:55,0.0,2921.2041015625,2921.2041015625,2921.2041015625,199.0,0.0,,105.0,154.0,0.800000011920929,0.0,10.24029541015625,,,,,,,,,,,Strength & Cardio,2026-01-20,0.0,48.69,0.0,,
21600874765,Austin Cycling,cycling,2026-01-19 10:38:19,72876.78125,9759.37109375,11581.580078125,9714.0,2108.0,7.467000007629394,13.90299987792969,,,,,,,,,453.0,432.0,,,,,,Cycling,2026-01-19,45.28,162.66,16.7,3.59,1486.2
21576858060,Austin Running,running,2026-01-17 07:16:19,16116.6103515625,4897.90185546875,5053.43310546875,4879.986999511719,938.0,3.2909998893737797,4.151999950408936,174.0,192.0,5.0,0.0,369.405517578125,,,51.0,110.64999997615814,65.99000000953674,175.921875,,,,,Running,2026-01-17,10.01,81.63,7.36,8.15,363.0
21560823919,Austin Running,running,2026-01-15 16:48:48,14126.8798828125,5102.01513671875,5323.27099609375,5079.309997558594,858.0,2.7690000534057617,3.9660000801086426,155.0,177.0,4.099999904632568,0.0,189.3476104736328,,,51.0,81.85000002384186,84.18999999761581,164.0625,,,,,Running,2026-01-15,8.78,85.03,6.19,9.69,268.5
21554617981,Pool Swim,lap_swimming,2026-01-15 05:25:15,2628.89990234375,3258.6669921875,4133.205078125,3078.10107421875,451.0,0.8470000028610231,1.0709999799728394,136.0,170.0,2.799999952316284,0.0,67.40943908691406,,,,,,,,,,,Swimming,2026-01-15,1.63,54.31,1.89,31.75,
21550172845,Strength,strength_training,2026-01-14 16:45:08,0.0,3127.639892578125,3127.639892578125,3127.639892578125,304.0,0.0,,126.0,153.0,2.0,0.0,28.730026245117188,,,,,,,,,,,Strength & Cardio,2026-01-14,0.0,52.13,0.0,,
21549803561,Treadmill Running,treadmill_running,2026-01-14 16:08:36,6453.47021484375,2103.44091796875,2103.44091796875,2094.7349853515625,378.0,3.068000078201294,3.4800000190734863,170.0,187.0,3.5999999046325684,0.0,136.15484619140625,,,,,,171.234375,,,,,Running,2026-01-14,4.01,35.06,6.86,8.75,
21537803226,Strength,strength_training,2026-01-13 13:43:11,0.0,3550.8310546875,3550.8310546875,3550.8310546875,321.0,0.0,,122.0,159.0,2.0,0.0,26.89759826660156,,,,,,,,,,,Strength & Cardio,2026-01-13,0.0,59.18,0.0,,
21533140945,Austin Running,running,2026-01-13 06:16:15,11435.4404296875,3752.862060546875,4545.95703125,3725.640998840332,647.0,3.046999931335449,6.06500005722046,144.0,167.0,4.0,0.0,181.99058532714844,,,,123.10999999940395,120.01999999955297,165.25,,,,,Running,2026-01-13,7.11,62.55,6.82,8.8,403.9
21521696535,Pool Swim,lap_swimming,2026-01-12 05:30:01,2560.320068359375,3078.824951171875,4205.119140625,3078.824951171875,451.0,0.8320000171661377,1.184000015258789,132.0,156.0,2.0999999046325684,0.0,32.19664001464844,,,,,,,,,,,Swimming,2026-01-12,1.59,51.31,1.86,32.26,
21516671862,Austin Running,running,2026-01-11 14:11:47,4843.89990234375,1567.9090576171875,1567.9090576171875,1567.260986328125,287.0,3.08899998664856,3.601999998092652,165.0,181.0,3.400000095367432,0.0,115.61091613769533,,,51.0,145.02999999932945,49.89999997615814,166.015625,,,,,Running,2026-01-11,3.01,26.13,6.91,8.68,475.8
21516465273,Zwift - 90min Riders Choice on Greater London Flat in London,virtual_ride,2026-01-11 12:38:51,38670.26171875,5201.0,5430.0,5196.0,474.0,7.434999942779541,11.722999572753906,0.0,0.0,,,,,,,172.0,0.0,,68.0,95.0,96.69652032172311,183.0,Cycling,2026-01-11,24.03,86.68,16.63,3.61,564.3
21492706388,Austin Running,running,2026-01-09 07:50:04,12898.0400390625,4425.36376953125,4602.86181640625,4401.8809814453125,775.0,2.914999961853028,3.6670000553131104,167.0,194.0,4.199999809265137,0.0,202.5369415283203,,,51.0,118.93000000715256,115.46000000834464,165.453125,,,,,Running,2026-01-09,8.01,73.76,6.52,9.2,390.2
21477095240,Austin Running,running,2026-01-07 16:57:18,4854.009765625,1614.6419677734375,1630.5050048828125,1613.677978515625,293.0,3.00600004196167,3.4240000247955327,176.0,189.0,3.400000095367432,0.0,116.00146484375,,,51.0,21.72000002861023,32.44999998807907,166.4375,,,,,Running,2026-01-07,3.02,26.91,6.72,8.93,71.3
21461087538,Austin Running,running,2026-01-06 06:32:50,7263.330078125,2478.77587890625,3141.12109375,2456.605010986328,393.0,2.930000066757202,4.89900016784668,147.0,167.0,3.200000047683716,0.3000000119209289,106.00364685058594,,,51.0,10.610000014305117,213.05000000074503,167.65625,,,,,Running,2026-01-06,4.51,41.31,6.55,9.16,34.8
21449712833,Pool Swim,lap_swimming,2026-01-05 05:27:44,2514.60009765625,2922.81591796875,4162.93994140625,2910.5791015625,441.0,0.8640000224113464,0.9860000014305116,130.0,152.0,2.0,0.0,28.975814819335938,,,,,,,,,,,Swimming,2026-01-05,1.56,48.71,1.93,31.09,
21442124635,Austin Running,running,2026-01-04 08:07:41,14490.419921875,5583.4189453125,5592.115234375,5579.894104003906,892.0,2.595000028610229,3.134999990463257,144.0,162.0,4.099999904632568,0.0,189.6572723388672,,,50.0,48.11999999731779,46.83999997377396,167.21875,,,,,Running,2026-01-04,9.0,93.06,5.8,10.34,157.9
21434486604,Austin Cycling,cycling,2026-01-03 13:12:39,50227.80859375,6865.9609375,7317.9521484375,6832.0,1387.0,7.31500005722046,13.427000045776367,,,,,,,,,282.0,277.0,,,,,,Cycling,2026-01-03,31.21,114.43,16.36,3.67,925.2
21405875013,Washoe County Running,running,2025-12-31 09:45:21,12897.91015625,4766.666015625,6138.07421875,4742.582946777344,800.0,2.7060000896453853,3.6480000019073486,166.0,191.0,4.0,0.0,176.6457061767578,,,48.0,120.03999999910592,107.4399999976158,161.453125,,,,,Running,2025-12-31,8.01,79.44,6.05,9.92,393.8
21388111633,Austin Running,running,2025-12-29 17:06:20,6458.43017578125,1916.56396484375,1965.633056640625,1903.894989490509,378.0,3.369999885559082,4.3480000495910645,170.0,186.0,4.199999809265137,0.1000000014901161,202.1141662597656,,,51.0,77.74000000953674,38.02999999932945,164.03125,,,,,Running,2025-12-29,4.01,31.94,7.54,7.96,255.1
21376966769,Austin Cycling,cycling,2025-12-28 08:17:01,90382.5234375,11405.125,14818.5126953125,11284.0,2692.0,7.925000190734863,16.309999465942383,,,,,,,,,767.0,769.0,,,,,,Cycling,2025-12-28,56.16,190.09,17.73,3.38,2516.4
21369020205,Pool Swim,lap_swimming,2025-12-27 17:29:30,1828.8000516079007,2089.06005859375,2576.52392578125,2089.06005859375,307.0,0.8754176766621843,0.9779999852180482,129.0,168.0,2.0,0.1000000014901161,27.71493530273437,,,,,,,,,,,Swimming,2025-12-27,1.14,34.82,1.96,30.61,
21359619546,Austin Running,running,2025-12-26 16:08:40,16104.9697265625,6027.9541015625,6597.65283203125,5973.248009681702,964.0,2.671999931335449,3.088000059127808,150.0,173.0,4.0,0.0,179.82855224609375,,,51.0,127.0,117.02999999932943,162.96875,,,,,Running,2025-12-26,10.01,100.47,5.98,10.03,416.7
21343582316,Zwift - Tair Dringfa Fechan in Watopia,virtual_ride,2025-12-24 14:29:58,37351.671875,5439.0,5783.0,5439.0,544.0,6.867000102996826,18.179000854492188,1.0,80.0,2.700000047683716,0.0,62.17921447753906,,,,412.0,0.0,,73.0,104.0,110.17621639733473,242.0,Cycling,2025-12-24,23.21,90.65,15.36,3.91,1351.7
21331465924,Austin Running,running,2025-12-23 05:57:38,11300.5595703125,3460.152099609375,4674.6611328125,3412.0,622.0,3.266000032424927,5.682000160217285,170.0,208.0,4.400000095367432,2.799999952316284,289.42584228515625,,,50.0,35.20999999344349,20.050000000745055,167.359375,,,,,Running,2025-12-23,7.02,57.67,7.31,8.21,115.5
21322754715,Morning Swim,swimming,2025-12-22 05:30:00,2560.320068359375,3013.0,0.0,,296.0,0.8497577392497097,,,,,,,,,,,,,,,,,Swimming,2025-12-22,1.59,50.22,1.9,31.58,
21308357039,Austin Running,running,2025-12-20 10:14:09,12887.3798828125,4470.591796875,4965.462890625,4434.2659912109375,793.0,2.882999897003174,3.927999973297119,171.0,198.0,4.599999904632568,2.0,263.19586181640625,,,50.0,104.47999998927116,104.07000000029802,161.09375,,,,,Running,2025-12-20,8.01,74.51,6.45,9.3,342.8
21307099097,Pool Swim,lap_swimming,2025-12-20 08:07:15,2057.4000580588886,2173.260986328125,3665.2900390625,2173.260986328125,343.0,0.9466879762987004,1.4119999408721924,141.0,172.0,2.5,0.0,50.99589538574219,,,,,,,,,,,Swimming,2025-12-20,1.28,36.22,2.12,28.3,
21297499612,Pool Swim,lap_swimming,2025-12-19 05:33:52,1691.6400146484375,1903.448974609375,3479.696044921875,1893.8470458984373,333.0,0.8930000066757202,1.133999943733215,123.0,160.0,2.0,0.0,26.61328125,,,,,,,,,,,Swimming,2025-12-19,1.05,31.72,2.0,30.0,
21285457006,Austin Running,running,2025-12-17 16:08:23,8865.9404296875,2544.302001953125,3309.48388671875,2529.4930169582367,472.0,3.484999895095825,4.880000114440918,175.0,205.0,4.5,3.299999952316284,330.1663818359375,,,50.0,1.050000000745058,17.790000021457672,163.578125,,,,,Running,2025-12-17,5.51,42.41,7.8,7.69,3.4
21281628387,Strength,strength_training,2025-12-17 07:44:30,0.0,3658.909912109375,3658.909912109375,1411.0340576171875,349.0,0.0,,127.0,169.0,2.200000047683716,0.1000000014901161,40.85714721679688,,,,,,,,,,,Strength & Cardio,2025-12-17,0.0,60.98,0.0,,
21277358045,Austin Running,running,2025-12-16 19:12:09,4849.39013671875,1724.4510498046875,1735.3790283203125,1715.9219970703125,291.0,2.812000036239624,3.2839999198913574,161.0,180.0,3.0999999046325684,0.0,94.51153564453124,,,50.0,123.66000002622604,35.34000000357628,157.0625,,,,,Running,2025-12-16,3.01,28.74,6.29,9.54,405.7
21262873792,Pool Swim,lap_swimming,2025-12-15 05:25:14,2468.880069670666,2923.694091796875,5611.50390625,2915.89892578125,510.0,0.8466960171359391,1.4179999828338623,134.0,184.0,2.400000095367432,0.0,47.40692138671875,,,,,,,,,,,Swimming,2025-12-15,1.53,48.73,1.89,31.75,
21248057708,Austin Running,running,2025-12-13 08:37:12,21098.470703125,6916.77880859375,6975.40283203125,6912.780029296875,1233.0,3.0499999523162846,4.078000068664551,174.0,191.0,5.0,0.0,323.5843505859375,,,50.0,122.69999998807909,93.40999999642372,168.953125,,,,,Running,2025-12-13,13.11,115.28,6.82,8.8,402.6
21240380813,Austin Running,running,2025-12-12 12:50:52,4842.83984375,1554.3270263671875,1574.39697265625,1553.8099670410156,297.0,3.115999937057495,3.7980000972747807,187.0,203.0,3.900000095367432,0.1000000014901161,164.36029052734375,,,50.0,35.230000004172325,215.37999999523163,164.515625,,,,,Running,2025-12-12,3.01,25.91,6.97,8.61,115.6
21204136840,Cuauhtémoc Running,running,2025-12-08 11:05:52,9680.66015625,3629.908935546875,4346.05810546875,3514.0,552.0,2.6670000553131104,3.5360000133514404,155.0,174.0,3.5,0.0,125.99530029296876,,,49.0,257.1599999964237,17.75,157.34375,,,,,Running,2025-12-08,6.02,60.5,5.97,10.05,843.7
21185661123,Austin Cycling,cycling,2025-12-06 07:06:04,55045.62109375,8178.384765625,9527.34765625,8036.0,1425.0,6.730999946594238,14.015000343322754,,,,,,,,,315.0,312.0,,,,,,Cycling,2025-12-06,34.2,136.31,15.06,3.98,1033.5
21180148391,Austin Running,running,2025-12-05 16:35:46,16117.9296875,5784.85498046875,6174.21923828125,5752.523010253906,1000.0,2.7860000133514404,3.9839999675750737,146.0,160.0,4.800000190734863,0.0,255.26515197753903,,,50.0,74.01999999955297,76.00999999977648,163.609375,,,,,Running,2025-12-05,10.02,96.41,6.23,9.63,242.8
21163304852,Austin Cycling,cycling,2025-12-03 16:22:32,35422.41015625,5303.1630859375,6064.05078125,5249.7740478515625,501.0,6.678999900817871,11.635000228881834,134.0,171.0,2.200000047683716,0.1000000014901161,40.908111572265625,,,,251.25999999046329,254.4399999976158,,,,,,Cycling,2025-12-03,22.01,88.39,14.94,4.02,824.3
21153812588,Austin Running,running,2025-12-02 16:59:09,5852.009765625,1844.6519775390625,1950.1490478515625,1836.7659912109373,336.0,3.1719999313354497,3.759999990463257,167.0,193.0,3.799999952316284,0.0,163.5727996826172,,,50.0,8.639999985694885,8.800000011920929,168.734375,,,,,Running,2025-12-02,3.64,30.74,7.1,8.45,28.3
21149571395,Tuscola Running,running,2025-12-01 15:29:46,9674.01953125,3057.68701171875,3642.27001953125,3049.716004371643,571.0,3.1640000343322754,3.45199990272522,168.0,192.0,4.599999904632568,0.0,238.7632598876953,,,50.0,97.03999999910592,60.810000002384186,167.109375,,,,,Running,2025-12-01,6.01,50.96,7.08,8.47,318.4
21117880613,Austin Cycling,cycling,2025-11-28 07:02:15,161124.859375,25009.3359375,39245.0625,24570.0,4042.0,6.442999839782715,15.91800022125244,,,,,,,,,947.0,893.0,,,,,,Cycling,2025-11-28,100.12,416.82,14.41,4.16,3107.0
21107165325,Austin Cycling,cycling,2025-11-27 07:48:27,54546.51953125,8645.525390625,11606.224609375,8539.0,1514.0,6.30900001525879,15.53600025177002,,,,,,,,,531.0,537.0,,,,,,Cycling,2025-11-27,33.89,144.09,14.11,4.25,1742.1
21086804967,Austin Running,running,2025-11-25 05:43:22,16913.470703125,6172.2431640625,6546.3232421875,6158.5150146484375,1064.0,2.740000009536743,3.3589999675750737,159.0,197.0,4.900000095367432,0.0,249.4994201660156,,,50.0,75.10000000149012,58.9200000166893,169.359375,,,,,Running,2025-11-25,10.51,102.87,6.13,9.79,246.4
21061024682,Bells Running,running,2025-11-22 07:50:48,12900.66015625,4427.18798828125,4458.5908203125,4418.406982421875,773.0,2.914000034332275,3.937999963760376,168.0,191.0,4.599999904632568,0.2000000029802322,231.36880493164065,,,50.0,75.37999999523163,74.34000000357628,168.03125,,,,,Running,2025-11-22,8.02,73.79,6.52,9.2,247.3
21046895113,Bells Running,running,2025-11-20 15:57:07,9685.0498046875,3521.742919921875,3541.492919921875,3506.02001953125,550.0,2.75,3.1630001068115234,150.0,171.0,3.299999952316284,0.0,107.4932861328125,,,50.0,56.639999985694885,74.34000000357628,165.421875,,,,,Running,2025-11-20,6.02,58.7,6.15,9.76,185.8
21037894783,Bells Running,running,2025-11-19 16:08:51,9675.1904296875,3010.242919921875,3028.06494140625,3000.909990787506,567.0,3.21399998664856,3.7790000438690186,180.0,199.0,4.900000095367432,0.4000000059604645,262.947021484375,,,50.0,69.14000000059605,37.05000000074506,167.3125,,,,,Running,2025-11-19,6.01,50.17,7.19,8.34,226.8
21028771409,Aerobic/Low Cadence,indoor_cycling,2025-11-18 16:16:56,33420.71875,5400.462890625,5400.462890625,5388.167002916336,747.0,6.188000202178956,7.688000202178955,145.0,173.0,3.700000047683716,0.0,138.9818878173828,54.59999847412109,0.6050000190734863,48.0,,,,72.0,120.0,121.0,184.0,Cycling,2025-11-18,20.77,90.01,13.84,4.34,
20977550555,Austin Running,running,2025-11-13 07:06:09,6452.68994140625,2354.887939453125,2377.64111328125,2347.123965740204,409.0,2.740000009536743,3.1070001125335693,157.0,188.0,3.700000047683716,0.0,145.66897583007812,,,50.0,24.330000013113025,27.87999999523163,167.140625,,,,,Running,2025-11-13,4.01,39.25,6.13,9.79,79.8
20972940568,Austin Running,running,2025-11-12 17:40:48,5401.14013671875,1801.5550537109373,1872.407958984375,1794.7789916992188,311.0,2.997999906539917,3.4240000247955327,164.0,179.0,3.299999952316284,0.0,111.81576538085938,,,49.0,10.479999989271164,33.31999999284744,163.453125,,,,,Running,2025-11-12,3.36,30.03,6.71,8.94,34.4
20972751450,Aerobic/Low Cadence,indoor_cycling,2025-11-12 16:09:17,33112.6796875,5400.67919921875,5400.67919921875,5400.679000020027,709.0,6.13100004196167,7.883999824523926,141.0,164.0,3.400000095367432,0.0,110.47238159179688,49.400001525878906,0.574999988079071,48.0,,,,84.0,113.0,115.0,153.0,Cycling,2025-11-12,20.58,90.01,13.71,4.38,
20963020238,Austin Running,running,2025-11-11 17:21:11,4843.31982421875,1747.9840087890625,1789.7259521484375,1745.322021484375,300.0,2.7709999084472656,3.0230000019073486,165.0,190.0,3.299999952316284,0.0,108.40032958984376,,,49.0,79.14000000059605,23.52999997138977,162.1875,,,,,Running,2025-11-11,3.01,29.13,6.2,9.68,259.6
20952830417,Bike Workout (zone 2),indoor_cycling,2025-11-10 17:01:03,39606.55859375,7201.19921875,7201.19921875,7200.126953125,846.0,5.5,6.802000045776367,135.0,154.0,3.299999952316284,0.0,101.3311767578125,49.0,0.4959999918937683,48.0,,,,66.0,99.0,99.0,120.0,Cycling,2025-11-10,24.61,120.02,12.3,4.88,
20923609358,Bike Workout (zone 2),indoor_cycling,2025-11-07 16:57:18,19892.060546875,3601.327880859375,3601.327880859375,3598.9129638671875,442.0,5.52400016784668,6.49399995803833,133.0,149.0,2.5999999046325684,0.0,57.32281494140625,27.200000762939453,0.5230000019073486,,,,,74.0,104.0,105.0,122.0,Cycling,2025-11-07,12.36,60.02,12.36,4.85,
20914645098,Houston - Speed Workout,running,2025-11-06 16:29:21,10476.8203125,3153.847900390625,4143.1591796875,3133.5529878139496,563.0,3.322000026702881,5.383999824523926,170.0,195.0,4.599999904632568,3.0,301.7653503417969,,,49.0,3.699999988079071,5.370000004768372,167.234375,,,,,Running,2025-11-06,6.51,52.56,7.43,8.08,12.1
20905003931,Houston Running,running,2025-11-05 17:13:21,6449.31005859375,2087.70703125,2087.70703125,2084.7559814453125,389.0,3.08899998664856,3.619999885559082,175.0,198.0,4.199999809265137,1.7000000476837158,196.7161865234375,,,49.0,133.25999999046326,13.259999990463257,165.25,,,,,Running,2025-11-05,4.01,34.8,6.91,8.68,437.2
20873255672,Austin Cycling,cycling,2025-11-02 07:02:07,161041.5625,21346.416015625,24263.376953125,21267.0,4464.0,7.544000148773193,12.913999557495115,,,,,,,,,810.0,794.0,,,,,,Cycling,2025-11-02,100.07,355.77,16.88,3.55,2657.5
20845334062,Austin Running,running,2025-10-30 17:13:06,7534.3701171875,2401.135009765625,2401.135009765625,2400.163024902344,429.0,3.138000011444092,3.555000066757202,168.0,180.0,3.900000095367432,0.0,163.92808532714844,,,49.0,34.439999997615814,32.639999985694885,169.390625,,,,,Running,2025-10-30,4.68,40.02,7.02,8.55,113.0
20844839205,Bike Workout (zone 2),indoor_cycling,2025-10-30 15:35:08,22760.5703125,3601.51611328125,3601.51611328125,3553.0,505.0,6.320000171661377,7.222000122070313,148.0,159.0,3.200000047683716,0.0,90.8604736328125,36.70000076293945,0.6110000014305115,48.0,,,,82.0,122.0,122.0,139.0,Cycling,2025-10-30,14.14,60.03,14.14,4.24,
20836634050,Austin Cycling,cycling,2025-10-29 17:34:47,48301.53125,7249.83984375,9363.630859375,7121.0,1325.0,6.662000179290772,15.368000030517578,,,,,,,,,319.0,329.0,,,,,,Cycling,2025-10-29,30.01,120.83,14.9,4.03,1046.6
20826275330,Austin Running,running,2025-10-28 17:17:24,6649.759765625,1779.279052734375,2842.570068359375,1756.0,330.0,3.736999988555908,7.408999919891357,174.0,200.0,4.199999809265137,2.5,233.9789123535156,,,49.0,84.23000000417233,45.34000000357628,169.3125,,,,,Running,2025-10-28,4.13,29.65,8.36,7.18,276.3
20825780911,Strength,strength_training,2025-10-28 15:29:43,0.0,4685.716796875,4685.716796875,4685.716796875,429.0,0.0,,125.0,170.0,2.200000047683716,0.4000000059604645,39.99383544921875,,,,,,,,,,,Strength & Cardio,2025-10-28,0.0,78.1,0.0,,
20807218825,Austin Walking,walking,2025-10-26 17:11:53,3229.02001953125,2614.2890625,2617.908935546875,2263.9990000724792,175.0,1.2350000143051147,1.7730000019073489,97.0,122.0,0.6000000238418579,0.0,8.342376708984375,,,49.0,22.18999999761581,21.349999994039536,91.484375,,,,,Walking,2025-10-26,2.01,43.57,2.76,21.74,72.8
20804587698,Austin Cycling,cycling,2025-10-26 06:56:46,64325.9296875,10447.0390625,15083.001953125,10319.0,1787.0,6.1570000648498535,14.677000045776367,,,,,,,,,614.0,639.0,,,,,,Cycling,2025-10-26,39.97,174.12,13.77,4.36,2014.4
20783963464,Austin Cycling,cycling,2025-10-24 06:58:14,19384.099609375,3353.14111328125,6843.1259765625,3296.0,478.0,5.781000137329102,14.267000198364258,,,,,,,,,101.0,105.0,,,,,,Cycling,2025-10-24,12.04,55.89,12.93,4.64,331.4
20778598788,Austin Running,running,2025-10-23 15:23:58,11282.6396484375,3729.56103515625,4100.93212890625,3720.275016307831,672.0,3.025000095367432,4.086999893188477,176.0,196.0,4.599999904632568,0.3000000119209289,229.182373046875,,,49.0,38.519999980926514,39.00999999977648,165.171875,,,,,Running,2025-10-23,7.01,62.16,6.77,8.86,126.4
20764946458,Austin Cycling,cycling,2025-10-22 06:29:20,35871.19921875,5207.77294921875,5484.77197265625,5198.0,893.0,6.888000011444092,12.661999702453612,,,,,,,,,139.0,145.0,,,,,,Cycling,2025-10-22,22.29,86.8,15.41,3.89,456.0
20759767057,Strength,strength_training,2025-10-21 15:57:10,0.0,3518.97412109375,3518.97412109375,3518.97412109375,305.0,0.0,,119.0,155.0,1.899999976158142,0.0,23.524200439453125,,,,,,,,,,,Strength & Cardio,2025-10-21,0.0,58.65,0.0,,
20754837417,Austin Running,running,2025-10-21 06:20:49,10471.419921875,3155.172119140625,5496.36083984375,3122.915008544922,570.0,3.319000005722046,6.933000087738037,177.0,200.0,5.0,3.700000047683716,381.9164733886719,,,49.0,16.709999978542328,37.09000000357628,167.171875,,,,,Running,2025-10-21,6.51,52.59,7.42,8.09,54.8
20750477733,Austin Cycling,cycling,2025-10-20 17:13:29,25068.130859375,4601.05712890625,8160.2568359375,4504.0,608.0,5.447999954223633,12.270000457763672,,,,,,,,,190.0,192.0,,,,,,Cycling,2025-10-20,15.58,76.68,12.19,4.92,623.4
20749205722,Pool Swim,lap_swimming,2025-10-20 14:59:33,1828.800048828125,2262.843994140625,2646.593994140625,2262.843994140625,418.0,0.8080000281333923,0.9639999866485596,126.0,146.0,1.399999976158142,0.0,17.957229614257812,,,,,,,,,,,Swimming,2025-10-20,1.14,37.71,1.81,33.15,
20740501087,Austin Running,running,2025-10-19 15:23:04,8064.93994140625,2801.626953125,2832.929931640625,2788.796021938324,478.0,2.878999948501587,3.3499999046325684,163.0,184.0,3.700000047683716,0.0,144.17037963867188,,,49.0,64.93999999761581,54.75999999046326,163.734375,,,,,Running,2025-10-19,5.01,46.69,6.44,9.32,213.1
20716979397,Austin Cycling,cycling,2025-10-17 06:54:24,22775.150390625,3961.695068359375,9211.671875,3877.0,538.0,5.749000072479247,11.309000015258787,,,,,,,,,117.0,127.0,,,,,,Cycling,2025-10-17,14.15,66.03,12.86,4.67,383.9
20696340995,Austin Cycling,cycling,2025-10-15 06:24:22,28224.9296875,4803.48486328125,5111.48681640625,4788.0,645.0,5.875999927520752,10.79599952697754,,,,,,,,,127.0,130.0,,,,,,Cycling,2025-10-15,17.54,80.06,13.14,4.57,416.7
20658176901,Fredericksburg Cycling,cycling,2025-10-11 07:06:20,106783.296875,14169.8759765625,14488.2724609375,14151.0,3129.0,7.535999774932862,17.000999450683594,,,,,,,,,857.0,859.0,,,,,,Cycling,2025-10-11,66.35,236.16,16.86,3.56,2811.7
20647052963,Austin Cycling,cycling,2025-10-10 06:12:46,22493.26953125,4116.69384765625,11450.0185546875,4024.0,532.0,5.464000225067139,9.611000061035156,,,,,,,,,102.0,111.0,,,,,,Cycling,2025-10-10,13.98,68.61,12.22,4.91,334.6
20641218235,Austin Cycling,cycling,2025-10-09 15:49:52,21206.5703125,3271.033935546875,3817.008056640625,3193.0,527.0,6.482999801635742,13.08199977874756,,,,,,,,,87.0,81.0,,,,,,Cycling,2025-10-09,13.18,54.52,14.5,4.14,285.4
20631300207,HIIT,hiit,2025-10-08 16:25:41,0.0,1851.7569580078125,1875.18896484375,1797.8580322265625,212.0,0.0,,133.0,171.0,2.0999999046325684,0.1000000014901161,36.40496826171875,,,,,,,,,,,Strength & Cardio,2025-10-08,0.0,30.86,0.0,,
20626121717,Austin Cycling,cycling,2025-10-08 06:25:40,28483.140625,4035.10400390625,4383.10400390625,4025.0,701.0,7.059000015258789,16.347000122070312,,,,,,,,,103.0,106.0,,,,,,Cycling,2025-10-08,17.7,67.25,15.79,3.8,337.9
20615467452,Austin Running,running,2025-10-07 06:15:44,8066.16015625,2262.35009765625,4282.9619140625,2242.417995929718,399.0,3.565000057220459,4.89900016784668,168.0,200.0,3.700000047683716,2.5,206.7603454589844,,,49.0,17.860000014305115,31.37999999523163,171.421875,,,,,Running,2025-10-07,5.01,37.71,7.97,7.53,58.6
20587855379,Austin Running,running,2025-10-04 09:05:53,12896.4501953125,3980.5859375,4063.633056640625,3968.9900331497192,720.0,3.240000009536743,3.86299991607666,173.0,185.0,4.900000095367432,0.0,264.391357421875,,,49.0,29.469999998807907,34.09000000357628,170.421875,,,,,Running,2025-10-04,8.01,66.34,7.25,8.28,96.7
20587001771,Austin Cycling,cycling,2025-10-04 07:11:25,48329.37890625,6283.11181640625,6403.30615234375,6278.0,1302.0,7.691999912261963,13.482999801635742,,,,,,,,,194.0,200.0,,,,,,Cycling,2025-10-04,30.03,104.72,17.21,3.49,636.5
20577543337,Austin Cycling,cycling,2025-10-03 07:26:42,23926.529296875,4250.73193359375,4603.7177734375,4202.0,554.0,5.629000186920166,11.281000137329102,,,,,,,,,128.0,129.0,,,,,,Cycling,2025-10-03,14.87,70.85,12.59,4.77,419.9
20572515099,Austin Running,running,2025-10-02 17:40:25,11286.400390625,3423.580078125,4316.62109375,3417.166961669922,628.0,3.296999931335449,4.320000171661377,174.0,191.0,4.699999809265137,2.0999999046325684,275.7412109375,,,49.0,23.52999997138977,39.889999985694885,166.8125,,,,,Running,2025-10-02,7.01,57.06,7.38,8.13,77.2
20556593061,Austin Cycling,cycling,2025-10-01 06:25:35,27837.009765625,4242.708984375,4737.1201171875,4234.0,669.0,6.560999870300293,10.720999717712402,,,,,,,,,98.0,105.0,,,,,,Cycling,2025-10-01,17.3,70.71,14.68,4.09,321.5
20540700665,Austin Cycling,cycling,2025-09-29 15:19:49,48304.9296875,6318.92919921875,6484.86376953125,6304.0,1299.0,7.644000053405762,13.062999725341797,,,,,,,,,204.0,197.0,,,,,,Cycling,2025-09-29,30.02,105.32,17.1,3.51,669.3
20530069027,Austin Walking,walking,2025-09-28 08:11:47,17719.73046875,13682.32421875,20279.255859375,12704.0,913.0,1.2949999570846555,2.947999954223633,99.0,123.0,0.8999999761581421,0.0,12.137313842773438,,,49.0,90.88999998569489,78.34999999403954,94.0625,,,,,Walking,2025-09-28,11.01,228.04,2.9,20.69,298.2
20519695080,Austin Running,running,2025-09-27 13:53:50,12900.5498046875,4413.0419921875,4619.166015625,4396.691040039063,808.0,2.9230000972747803,3.2279999256134038,182.0,200.0,5.0,0.3000000119209289,319.0253601074219,,,49.0,42.75,55.64999997615814,166.125,,,,,Running,2025-09-27,8.02,73.55,6.54,9.17,140.3
20506410518,Austin Cycling,cycling,2025-09-25 16:01:33,26609.310546875,4641.05908203125,61393.91796875,4532.0,640.0,5.732999801635741,12.307000160217283,,,,,,,,,165.0,168.0,,,,,,Cycling,2025-09-25,16.53,77.35,12.82,4.68,541.3
20492288682,Austin Cycling,cycling,2025-09-24 18:18:40,31232.279296875,5082.10400390625,8626.0078125,4579.0,570.0,6.145999908447266,15.760000228881836,152.0,197.0,3.200000047683716,1.100000023841858,122.54393005371094,,,,269.7099999785423,233.28999999165532,,,,,,Cycling,2025-09-24,19.41,84.7,13.75,4.36,884.9
20475590144,Austin Running,running,2025-09-23 06:20:29,8112.740234375,2327.05908203125,4149.01123046875,1940.0,407.0,3.486000061035156,5.71999979019165,170.0,200.0,3.700000047683716,3.200000047683716,265.1244506835937,,,49.0,20.20999999344349,23.87999999523163,170.21875,,,,,Running,2025-09-23,5.04,38.78,7.8,7.69,66.3
20445687606,Austin Running,running,2025-09-20 07:49:35,9683.23046875,3311.447998046875,3344.02587890625,3302.2860107421875,579.0,2.924000024795532,3.3589999675750737,168.0,185.0,4.099999904632568,0.0,198.94869995117188,,,49.0,25.27000001072884,24.40999999642372,165.078125,,,,,Running,2025-09-20,6.02,55.19,6.54,9.17,82.9
20439427196,Austin Cycling,cycling,2025-09-19 17:08:51,9328.8095703125,1273.4169921875,1395.8389892578125,1264.0,213.0,7.326000213623047,11.505000114440916,170.0,185.0,3.0999999046325684,0.8999999761581421,112.94761657714844,,,,43.27000001072884,32.20000000298023,,,,,,Cycling,2025-09-19,5.8,21.22,16.39,3.66,142.0
20439259860,Pool Swim,lap_swimming,2025-09-19 16:06:33,1828.7999753139557,2073.62890625,3311.846923828125,2064.591064453125,301.0,0.8857928642108562,0.996999979019165,147.0,163.0,2.5,0.0,54.56135559082031,,,,,,,,,,,Swimming,2025-09-19,1.14,34.56,1.98,30.3,
20439249344,Austin Multisport,multi_sport,2025-09-19 15:24:05,9401.85003906116,1438.2559452056885,2498.3529167175293,,212.0,6.536979784718762,,,184.0,2.700000047683716,0.800000011920929,78.33879089355469,,,,38.46000000834465,32.00999999977648,,,,,,Other,2025-09-19,5.84,23.97,14.62,4.1,126.2
20429696071,Austin Running,running,2025-09-18 16:56:59,4848.14013671875,1578.8399658203125,1644.8609619140625,1572.7770018577576,283.0,3.071000099182129,3.3499999046325684,175.0,191.0,3.400000095367432,0.0,126.3388671875,,,49.0,17.34000000357628,3.9800000190734863,163.28125,,,,,Running,2025-09-18,3.01,26.31,6.87,8.73,56.9
20419096641,HR Bike 75,indoor_cycling,2025-09-17 15:34:09,27055.83984375,4528.94482421875,4528.94482421875,4520.580966830254,581.0,5.973999977111816,6.857999801635742,149.0,162.0,3.0,0.0,88.73623657226562,37.70000076293945,0.5490000247955322,47.0,,,,71.0,110.0,110.0,126.0,Cycling,2025-09-17,16.81,75.48,13.36,4.49,
20403003188,Austin Running,running,2025-09-16 06:23:58,8400.419921875,2431.455078125,4096.373046875,2413.2019958496094,455.0,3.4549999237060547,6.456999778747559,179.0,204.0,4.099999904632568,2.5,252.36917114257807,,,49.0,13.40999999642372,7.230000004172325,165.953125,,,,,Running,2025-09-16,5.22,40.52,7.73,7.76,44.0
20391921461,Pool Swim,lap_swimming,2025-09-15 05:31:49,2194.56005859375,2716.14990234375,4029.5791015625,2716.14990234375,524.0,0.8080000281333923,1.1150000095367432,135.0,154.0,2.200000047683716,0.0,37.57841491699219,,,,,,,,,,,Swimming,2025-09-15,1.36,45.27,1.81,33.15,
20383625478,Montgomery County Running,running,2025-09-14 07:02:50,16114.849609375,5437.45703125,5817.10205078125,5433.725036621094,951.0,2.963999986648559,3.630000114440918,172.0,189.0,4.800000190734863,0.0,266.71875,,,49.0,37.44999998807907,40.400000005960464,168.03125,,,,,Running,2025-09-14,10.01,90.62,6.63,9.05,122.9
20361608584,Pool Swim,lap_swimming,2025-09-12 05:27:24,1143.0,1573.5860595703125,3767.97998046875,1554.6400146484375,244.0,0.7350000143051147,1.2450000047683716,132.0,159.0,2.0,0.0,29.663299560546875,,,,,,,,,,,Swimming,2025-09-12,0.71,26.23,1.64,36.59,
20356786552,Austin Track Running,track_running,2025-09-11 15:29:25,4810.0,1478.0489501953125,2255.56689453125,1435.0,268.0,3.253999948501587,4.236000061035156,178.0,197.0,3.5999999046325684,2.799999952316284,215.57229614257807,,,49.0,0.0,178.87000000476837,171.328125,,,,,Running,2025-09-11,2.99,24.63,7.28,8.24,0.0
20330016398,Pool Swim,lap_swimming,2025-09-09 05:27:40,868.6799926757812,1151.4150390625,3764.653076171875,1135.6300048828125,197.0,0.7649999856948853,1.0390000343322754,118.0,147.0,0.6000000238418579,0.0,9.210098266601562,,,,,,,,,,,Swimming,2025-09-09,0.54,19.19,1.71,35.09,
20325102522,Austin Cycling,cycling,2025-09-08 16:37:46,16931.509765625,2401.116943359375,2484.0458984375,2275.0,344.0,7.052000045776367,9.442999839782717,154.0,177.0,2.799999952316284,0.6000000238418579,83.8494873046875,,,,49.66000002622605,51.07000000029802,,,,,,Cycling,2025-09-08,10.52,40.02,15.77,3.8,162.9
20297902364,Belfast Running,running,2025-09-06 07:00:56,7252.580078125,2283.972900390625,2334.799072265625,2281.550994873047,400.0,3.174999952316284,5.011000156402588,166.0,196.0,3.799999952316284,0.0,174.85986328125,,,49.0,31.0,28.15999999642372,170.859375,,,,,Running,2025-09-06,4.51,38.07,7.1,8.45,101.7
20283299311,Pool Swim,lap_swimming,2025-09-04 16:58:54,1371.5999755859375,1647.64501953125,2132.030029296875,1647.092041015625,307.0,0.8330000042915344,0.9449999928474426,137.0,154.0,1.899999976158142,0.0,27.153060913085938,,,,,,,,,,,Swimming,2025-09-04,0.85,27.46,1.86,32.26,
20267198970,Austin Cycling,cycling,2025-09-03 06:26:03,27402.119140625,4795.22509765625,5274.5361328125,4738.0,340.0,5.714000225067138,10.729999542236328,121.0,169.0,1.600000023841858,0.0,22.58673095703125,,,,121.36000001430511,122.03999999910592,,,,,,Cycling,2025-09-03,17.03,79.92,12.78,4.69,398.2
20262307412,Austin Running,running,2025-09-02 17:56:17,8057.83984375,2257.64599609375,3890.965087890625,2214.2009887695312,405.0,3.569000005722046,6.289000034332275,175.0,203.0,4.300000190734863,3.400000095367432,360.96490478515625,,,49.0,14.46000000834465,40.17000000178814,166.390625,,,,,Running,2025-09-02,5.01,37.63,7.98,7.52,47.4
20251604319,Austin Cycling,cycling,2025-09-01 18:38:51,20865.109375,3482.72900390625,5509.87890625,3433.758056640625,323.0,5.991000175476074,13.119000434875488,134.0,185.0,2.400000095367432,0.6000000238418579,61.51289367675781,,,,269.3400000035763,222.88999998569489,,,,,,Cycling,2025-09-01,12.97,58.05,13.4,4.48,883.7
20226907157,Austin Cycling,cycling,2025-08-30 08:13:48,59077.609375,7753.23779296875,8463.08984375,7728.98291015625,1049.0,7.619999885559082,18.875999450683597,169.0,202.0,4.599999904632568,2.799999952316284,330.72711181640625,,,,745.4000000059605,737.1599999964237,,,,,,Cycling,2025-08-30,36.71,129.22,17.05,3.52,2445.5
20218537701,Pool Swim,lap_swimming,2025-08-29 11:53:00,914.4000244140624,1061.4969482421875,1246.3280029296875,1061.4969482421875,212.0,0.8610000014305115,0.9430000185966492,128.0,159.0,1.5,0.0,21.58154296875,,,,,,,,,,,Swimming,2025-08-29,0.57,17.69,1.93,31.09,
20205364995,Austin Cycling,cycling,2025-08-28 06:13:45,38469.91015625,6019.94287109375,7445.39990234375,5902.0,648.0,6.389999866485596,13.753000259399414,148.0,191.0,3.0999999046325684,2.0,130.49273681640625,,,,423.5500000119209,414.4099999964237,,,,,,Cycling,2025-08-28,23.9,100.33,14.29,4.2,1389.6
20194176046,Austin Running,running,2025-08-27 06:52:11,4831.169921875,1750.29296875,1750.29296875,1746.1900024414062,286.0,2.759999990463257,3.125999927520752,159.0,180.0,3.0999999046325684,0.0,97.28614807128906,,,48.0,19.34000000357628,17.860000014305115,166.34375,,,,,Running,2025-08-27,3.0,29.17,6.17,9.72,63.5
20193672565,Austin Cycling,cycling,2025-08-27 05:56:58,11296.3603515625,1808.050048828125,1900.447021484375,1786.0,215.0,6.248000144958496,11.392999649047852,140.0,175.0,2.299999952316284,0.8999999761581421,60.97789001464844,,,,71.23999999463558,74.28999999165535,,,,,,Cycling,2025-08-27,7.02,30.13,13.98,4.29,233.7
20183080588,Austin Running,running,2025-08-26 06:22:33,10477.41015625,3063.4208984375,4920.5791015625,3034.7659606933594,549.0,3.4200000762939453,5.011000156402588,178.0,204.0,4.199999809265137,3.5,360.3382568359375,,,48.0,16.17000000178814,26.09000000357628,169.921875,,,,,Running,2025-08-26,6.51,51.06,7.65,7.84,53.1
20368209381,Austin Cycling,cycling,2025-08-25 18:32:19,17785.529296875,2275.864990234375,2275.864990234375,2206.0,572.0,7.815000057220459,12.31700038909912,,,,,,,,,38.0,37.0,,,,,,Cycling,2025-08-25,11.05,37.93,17.48,3.43,124.7
20368209355,Austin Cycling,cycling,2025-08-24 18:45:51,22766.5703125,5694.1259765625,5694.1259765625,4708.0,539.0,3.997999906539917,13.128000259399414,,,,,,,,,113.0,118.0,,,,,,Cycling,2025-08-24,14.15,94.9,8.94,6.71,370.7
20152372980,Austin Running,running,2025-08-23 08:10:24,12890.7001953125,4044.64306640625,4199.76904296875,4026.5039978027344,751.0,3.1870000362396245,3.638999938964844,182.0,198.0,5.0,2.200000047683716,404.7099609375,,,48.0,46.560000002384186,66.03999999910593,166.4375,,,,,Running,2025-08-23,8.01,67.41,7.13,8.42,152.8
20368209248,Wichita Falls Cycling,cycling,2025-08-23 07:08:55,161904.421875,20746.85546875,25992.568359375,18381.0,5349.0,7.803999900817871,16.235000610351562,,,,,,,,,503.0,514.0,,,,,,Cycling,2025-08-23,100.6,345.78,17.46,3.44,1650.3
20125885749,Austin Running,running,2025-08-20 18:59:05,3231.10009765625,1081.3199462890625,1081.3199462890625,1075.0,195.0,2.98799991607666,3.499000072479248,184.0,195.0,3.0999999046325684,0.0,94.29771423339844,,,,7.009999999776483,5.629999995231628,164.53125,,,,,Running,2025-08-20,2.01,18.02,6.68,8.98,23.0
20125716963,Austin Cycling,cycling,2025-08-20 17:48:35,26745.400390625,3600.85107421875,3600.85107421875,3599.763977050781,506.0,7.427999973297119,11.803000450134276,157.0,184.0,3.299999952316284,0.1000000014901161,119.47331237792967,,,,137.95999997854233,139.74000000953674,,,,,,Cycling,2025-08-20,16.62,60.01,16.62,3.61,452.6
20108610143,Austin Running,running,2025-08-19 06:11:56,9664.83984375,2860.467041015625,5741.9921875,2829.6589965820312,493.0,3.378999948501587,6.177000045776367,174.0,204.0,3.900000095367432,4.0,369.9417114257813,,,48.0,52.05000000074506,37.55000001192093,167.4375,,,,,Running,2025-08-19,6.01,47.67,7.56,7.94,170.8
20368209016,Austin Cycling,cycling,2025-08-17 19:56:47,11644.1796875,2282.8701171875,2282.8701171875,2150.0,291.0,5.100999832153319,13.90299987792969,,,,,,,,,63.0,68.0,,,,,,Cycling,2025-08-17,7.24,38.05,11.41,5.26,206.7
20368208994,Austin Cycling,cycling,2025-08-17 06:35:00,100526.15625,15484.671875,18279.646484375,14183.0,3005.0,6.492000102996826,13.333999633789064,,,,,,,,,524.0,519.0,,,,,,Cycling,2025-08-17,62.46,258.08,14.52,4.13,1719.2
20089989229,Austin Cycling,cycling,2025-08-17 06:34:05,113446.46875,15584.4609375,18194.328125,15566.165100097656,1525.0,7.278999805450439,13.427000045776367,142.0,181.0,3.400000095367432,1.7999999523162842,150.1426239013672,,,,715.7900000214577,712.6299999952316,,,,,,Cycling,2025-08-17,70.49,259.74,16.28,3.69,2348.4
20076985553,Austin Running,running,2025-08-16 07:03:35,9667.5400390625,3214.699951171875,3284.97607421875,3207.974975585937,562.0,3.0069999694824223,3.45199990272522,174.0,191.0,4.5,0.3000000119209289,234.11196899414065,,,48.0,27.140000000596046,27.980000019073486,165.609375,,,,,Running,2025-08-16,6.01,53.58,6.73,8.92,89.0
20368208881,Austin Cycling,cycling,2025-08-15 18:41:42,19676.330078125,3930.66796875,6224.373046875,3657.0,526.0,5.00600004196167,14.621000289916992,,,,,,,,,89.0,94.0,,,,,,Cycling,2025-08-15,12.23,65.51,11.2,5.36,292.0
20067746283,Austin Cycling,cycling,2025-08-15 06:28:20,28730.240234375,4943.68310546875,11129.734375,4850.0,476.0,5.811999797821044,10.94499969482422,131.0,181.0,2.200000047683716,0.3000000119209289,41.17376708984375,,,,198.54000002145767,197.1700000017881,,,,,,Cycling,2025-08-15,17.85,82.39,13.0,4.62,651.4
20060950211,Pool Swim,lap_swimming,2025-08-14 16:42:16,1463.0400390625,1625.113037109375,2624.52490234375,1616.5770263671875,338.0,0.9049999713897704,1.184000015258789,146.0,175.0,2.5999999046325684,0.0,60.65202331542969,,,,,,,,,,,Swimming,2025-08-14,0.91,27.09,2.02,29.7,
20045374140,Austin Running,running,2025-08-13 07:51:11,3717.35009765625,1200.8909912109375,1200.8909912109375,1200.4120025634766,213.0,3.095000028610229,3.3959999084472656,172.0,184.0,3.200000047683716,0.0,100.80209350585938,,,48.0,37.74000000953674,3.740000009536743,166.34375,,,,,Running,2025-08-13,2.31,20.01,6.92,8.67,123.8
20045374033,Austin Cycling,cycling,2025-08-13 06:19:12,28923.220703125,4375.2958984375,5357.248046875,4337.6529541015625,411.0,6.611000061035157,11.196999549865724,134.0,177.0,2.299999952316284,0.4000000059604645,49.26048278808594,,,,152.14000000059605,152.00999999977648,,,,,,Cycling,2025-08-13,17.97,72.92,14.79,4.06,499.1
20039493371,Austin - 800 Intervals,running,2025-08-12 16:53:41,8490.0302734375,2937.888916015625,3492.18701171875,2786.4019832611084,519.0,2.890000104904175,3.9660000801086426,177.0,199.0,4.300000190734863,3.0999999046325684,298.66162109375,,,48.0,41.77999997138977,11.370000004768372,154.828125,,,,,Running,2025-08-12,5.28,48.96,6.46,9.29,137.1
20368208831,Austin Cycling,cycling,2025-08-10 19:15:38,26478.689453125,5062.89697265625,5062.89697265625,4788.0,697.0,5.230000019073486,14.145000457763672,,,,,,,,,114.0,123.0,,,,,,Cycling,2025-08-10,16.45,84.38,11.7,5.13,374.0
20014972157,Austin Cycling,cycling,2025-08-10 07:11:02,82088.1796875,11465.9306640625,14769.205078125,11398.138061523438,1292.0,7.158999919891357,12.979000091552734,152.0,185.0,3.900000095367432,2.5,217.2366943359375,,,,606.4300000071526,610.1000000014901,,,,,,Cycling,2025-08-10,51.01,191.1,16.01,3.75,1989.6
20368208791,Austin Cycling,cycling,2025-08-09 10:15:06,53811.76171875,9108.8740234375,10489.7509765625,8033.0,1776.0,5.9079999923706055,18.55900001525879,,,,,,,,,564.0,558.0,,,,,,Cycling,2025-08-09,33.44,151.81,13.22,4.54,1850.4
20003306314,Austin Running,running,2025-08-09 08:27:03,12886.3701171875,4349.58203125,4531.02490234375,4338.841979980469,767.0,2.963000059127808,3.4800000190734863,176.0,195.0,5.0,1.2000000476837158,306.4227600097656,,,48.0,48.150000005960464,49.07999999821186,166.796875,,,,,Running,2025-08-09,8.01,72.49,6.63,9.05,158.0
19991949155,Austin Cycling,cycling,2025-08-08 06:24:05,16753.599609375,3041.2890625,7725.9072265625,2955.0,288.0,5.508999824523926,14.18299961090088,132.0,179.0,2.200000047683716,0.0,37.84759521484375,,,,187.4699999988079,148.0599999986589,,,,,,Cycling,2025-08-08,10.41,50.69,12.32,4.87,615.1
19985989462,Swim FARTLEK,lap_swimming,2025-08-07 13:17:21,1508.760009765625,2153.68408203125,2208.201904296875,1783.593017578125,296.0,0.8690000176429749,1.0750000476837158,146.0,176.0,3.0,0.0,80.94221496582031,,,,,,,,,,,Swimming,2025-08-07,0.94,35.89,1.94,30.93,
19975681573,Austin Running,running,2025-08-06 18:00:45,3224.909912109375,1108.39794921875,1116.4420166015625,1091.7310180664062,197.0,2.9100000858306885,3.23799991607666,179.0,192.0,3.200000047683716,0.0,97.09632873535156,,,48.0,4.819999992847443,5.340000003576279,163.9375,,,,,Running,2025-08-06,2.0,18.47,6.51,9.22,15.8
19975680639,Austin - Tempo Bike,cycling,2025-08-06 16:57:04,26224.599609375,3601.944091796875,3601.944091796875,3598.341949224472,498.0,7.281000137329102,12.270000457763672,156.0,185.0,3.299999952316284,2.200000047683716,134.7250518798828,,,,119.64999997615814,118.68000000715256,,,,,,Cycling,2025-08-06,16.3,60.03,16.29,3.68,392.6
19958207307,Austin Running,running,2025-08-05 06:25:11,8052.5498046875,2498.97705078125,3892.923095703125,2478.334991455078,454.0,3.221999883651734,4.208000183105469,176.0,204.0,4.300000190734863,2.799999952316284,266.1808166503906,,,48.0,60.80000001192093,31.62000000476837,170.984375,,,,,Running,2025-08-05,5.0,41.65,7.21,8.32,199.5
19953519006,Austin Running,running,2025-08-04 19:06:01,4839.06982421875,1526.4090576171875,1604.989990234375,1525.031012892723,291.0,3.1700000762939453,3.742000102996826,181.0,204.0,4.199999809265137,2.299999952316284,226.15606689453125,,,48.0,51.07000000029802,11.109999999403954,165.078125,,,,,Running,2025-08-04,3.01,25.44,7.09,8.46,167.6
19938581281,Austin Cycling,cycling,2025-08-03 07:23:00,39750.12890625,5966.01708984375,9524.451171875,5704.507995605469,841.0,6.663000106811523,13.427000045776367,163.0,202.0,4.300000190734863,3.0,258.7502136230469,,,,362.109999999404,327.1199999973178,,,,,,Cycling,2025-08-03,24.7,99.43,14.9,4.03,1188.0
20368208715,Austin Cycling,cycling,2025-08-02 10:08:24,81118.6875,12850.7607421875,17769.146484375,12289.0,2446.0,6.311999797821045,17.308000564575195,,,,,,,,,517.0,508.0,,,,,,Cycling,2025-08-02,50.4,214.18,14.12,4.25,1696.2
19883762998,Austin Track Running,track_running,2025-07-29 06:31:26,4840.0,1584.4139404296875,2789.221923828125,1575.6690063476562,299.0,3.055000066757202,3.723000049591065,173.0,194.0,3.799999952316284,0.0,140.4766387939453,,,48.0,34.69999998807907,0.0,172.140625,,,,,Running,2025-07-29,3.01,26.41,6.83,8.78,113.8
20368208616,Austin Cycling,cycling,2025-07-27 17:22:24,20641.740234375,2892.123046875,2892.123046875,2836.0,704.0,7.13700008392334,14.687000274658203,,,,,,,,,133.0,131.0,,,,,,Cycling,2025-07-27,12.83,48.2,15.97,3.76,436.4
19864502791,Austin Open Water Swimming,open_water_swimming,2025-07-27 07:53:41,847.280029296875,1178.2969970703125,1696.35595703125,1129.0,143.0,0.718999981880188,2.2769999504089355,121.0,141.0,0.699999988079071,0.0,8.850067138671875,,,,,,,,,,,Swimming,2025-07-27,0.53,19.64,1.61,37.27,
20368208602,Austin Cycling,cycling,2025-07-26 08:16:50,69163.421875,13015.4873046875,110349.3671875,11036.0,2009.0,5.314000129699707,13.687999725341797,,,,,,,,,499.0,504.0,,,,,,Cycling,2025-07-26,42.98,216.92,11.89,5.05,1637.1
19858071616,Austin Cycling,cycling,2025-07-26 08:15:56,41679.328125,6326.92919921875,7215.91796875,6241.7659912109375,751.0,6.587999820709229,15.96500015258789,153.0,196.0,3.5999999046325684,2.5,180.66720581054688,,,,490.2399999946356,419.34999999403954,,,,,,Cycling,2025-07-26,25.9,105.45,14.74,4.07,1608.4
19812335466,Panama City Beach Running,running,2025-07-22 07:37:09,3225.830078125,1001.6389770507812,1001.6389770507812,1000.7620058059692,190.0,3.220999956130981,4.059000015258789,171.0,188.0,3.200000047683716,0.0,94.2717742919922,,,48.0,9.419999986886978,96.70999997854231,173.703125,,,,,Running,2025-07-22,2.0,16.69,7.21,8.32,30.9
20368208444,Austin Cycling,cycling,2025-07-20 17:19:14,20985.560546875,3496.971923828125,3496.971923828125,3232.0,638.0,6.000999927520752,12.87600040435791,,,,,,,,,148.0,110.0,,,,,,Cycling,2025-07-20,13.04,58.28,13.42,4.47,485.6
19792563649,Panama City Beach Running,running,2025-07-20 07:49:46,6444.2099609375,2270.780029296875,2298.427001953125,2265.885043978691,411.0,2.838000059127808,3.059999942779541,168.0,187.0,3.799999952316284,0.0,157.8223876953125,,,48.0,17.059999998658895,17.200000002980232,168.734375,,,,,Running,2025-07-20,4.0,37.85,6.35,9.45,56.0
20368208401,Austin Cycling,cycling,2025-07-19 16:18:25,48394.80859375,7155.18896484375,7816.0419921875,6964.0,1501.0,6.763999938964844,14.519000053405762,,,,,,,,,175.0,164.0,,,,,,Cycling,2025-07-19,30.07,119.25,15.13,3.97,574.1
19772349045,Austin Cycling,cycling,2025-07-18 07:00:54,16009.7998046875,3304.277099609375,7028.0517578125,3079.0,251.0,4.84499979019165,11.95300006866455,116.0,155.0,1.2999999523162842,0.0,16.463836669921875,,,,123.44999998807909,97.40000000596046,,,,,,Cycling,2025-07-18,9.95,55.07,10.84,5.54,405.0
19751062900,Austin Cycling,cycling,2025-07-16 06:33:40,26070.05078125,3816.305908203125,4033.60791015625,3615.370971679688,354.0,6.830999851226807,13.015999794006348,130.0,181.0,2.0999999046325684,0.1000000014901161,35.73358154296875,,,,124.00999999977648,124.37000000476836,,,,,,Cycling,2025-07-16,16.2,63.61,15.28,3.93,406.9
19746334748,Pool Swim,lap_swimming,2025-07-15 18:21:39,1524.0,1879.719970703125,3341.991943359375,1879.719970703125,383.0,0.8109999895095826,1.0099999904632568,116.0,135.0,0.6000000238418579,0.0,7.780380249023437,,,,,,,,,,,Swimming,2025-07-15,0.95,31.33,1.81,33.15,
19740123539,Austin Track Running,track_running,2025-07-15 06:34:20,4990.0,1753.4169921875,3473.487060546875,1637.5009765625,325.0,2.845999956130981,4.078000068664551,168.0,202.0,3.799999952316284,2.5999999046325684,212.0948181152344,,,48.0,0.0,0.0,159.484375,,,,,Running,2025-07-15,3.1,29.22,6.37,9.42,0.0
20368208323,Austin Cycling,cycling,2025-07-13 16:17:43,22112.0703125,6775.55712890625,6778.4658203125,1445.0,402.0,3.263999938964844,39.823001861572266,,,,,,,,,163.0,90.0,,,,,,Cycling,2025-07-13,13.74,112.93,7.3,8.22,534.8
19722552944,Austin Cycling,cycling,2025-07-13 07:45:49,36069.2109375,5360.1767578125,9829.736328125,5320.0,539.0,6.729000091552734,13.211999893188477,133.0,177.0,2.200000047683716,0.4000000059604645,41.33364868164063,,,,206.75999999046329,169.89999997615814,,,,,,Cycling,2025-07-13,22.41,89.34,15.05,3.99,678.3
19714785140,Austin Running,running,2025-07-12 17:56:50,11265.408203125,3720.52294921875,4217.27392578125,3694.028015136719,672.0,3.0279098403974385,5.943999767303467,174.0,190.0,4.5,2.400000095367432,259.118896484375,,,48.0,45.519999980926514,47.9200000166893,165.6875,,,,,Running,2025-07-12,7.0,62.01,6.77,8.86,149.3
19700446642,Austin Cycling,cycling,2025-07-11 06:02:14,44791.44140625,7080.619140625,10669.5419921875,6804.0,784.0,6.326000213623047,15.368000030517578,149.0,189.0,3.0999999046325684,2.0,119.70790100097656,,,,626.070000000298,591.5,,,,,,Cycling,2025-07-11,27.83,118.01,14.15,4.24,2054.0
19690065258,Pool Swim,lap_swimming,2025-07-10 08:04:27,1249.6800537109375,1027.458984375,2005.6090087890625,1027.458984375,277.0,1.215999960899353,1.675999999046326,131.0,166.0,1.899999976158142,0.0,24.567123413085938,,,,,,,,,,,Swimming,2025-07-10,0.78,17.12,2.72,22.06,
19668440633,Austin Track Running,track_running,2025-07-08 06:35:36,6710.0,2009.2879638671875,3576.083984375,1966.0,367.0,3.33899998664856,5.803999900817871,170.0,201.0,4.099999904632568,3.0999999046325684,270.0025329589844,,,48.0,22.560000002384182,0.0,173.15625,,,,,Running,2025-07-08,4.17,33.49,7.47,8.03,74.0
19659116961,Houston Running,running,2025-07-07 08:26:44,4833.31005859375,1859.529052734375,1888.177978515625,1859.0960083007808,315.0,2.5989999771118164,3.7699999809265137,159.0,183.0,3.200000047683716,0.0,100.1236572265625,,,48.0,1.0799999982118609,5.019999999552965,162.375,,,,,Running,2025-07-07,3.0,30.99,5.81,10.33,3.5
19630552434,Houston Running,running,2025-07-04 08:43:49,4832.990234375,1923.5150146484373,1982.592041015625,1915.72998046875,302.0,2.513000011444092,3.200000047683716,151.0,173.0,3.0,0.0,76.12374877929688,,,48.0,3.7699999809265137,0.0,163.625,,,,,Running,2025-07-04,3.0,32.06,5.62,10.68,12.4
19608985784,Pool Swim,lap_swimming,2025-07-02 06:07:59,1005.8400268554688,1288.9649658203125,1809.58203125,1288.9649658203125,245.0,0.7799999713897705,0.9990000128746032,116.0,144.0,0.6000000238418579,0.0,7.85015869140625,,,,,,,,,,,Swimming,2025-07-02,0.63,21.48,1.74,34.48,
19599217535,Austin Track Running,track_running,2025-07-01 06:34:20,6510.0,1845.23095703125,3575.77587890625,1803.0,328.0,3.5280001163482666,5.682000160217285,164.0,197.0,3.400000095367432,3.0,197.424560546875,,,48.0,0.0,8.25,176.484375,,,,,Running,2025-07-01,4.05,30.75,7.89,7.6,0.0
19580961052,Austin Running,running,2025-06-29 08:18:55,11276.58984375,4002.868896484375,4064.426025390625,3992.308979034424,711.0,2.816999912261963,3.2279999256134038,166.0,186.0,4.400000095367432,0.0,217.28903198242188,,,48.0,40.50999999046326,46.6700000166893,165.9375,,,,,Running,2025-06-29,7.01,66.71,6.3,9.52,132.9
19571559058,Austin Cycling,cycling,2025-06-28 08:15:16,48284.41015625,7656.05615234375,8187.4990234375,7003.411010742188,1083.0,6.307000160217285,16.216999053955078,170.0,199.0,4.900000095367432,2.400000095367432,316.43865966796875,,,,473.0099999997765,469.3700000047684,,,,,,Cycling,2025-06-28,30.0,127.6,14.11,4.25,1551.9
19530153886,Austin Track Running,track_running,2025-06-24 06:37:02,7810.0,2069.4580078125,3499.22412109375,2008.105987548828,387.0,3.7739999294281006,5.841000080108643,174.0,201.0,3.900000095367432,4.400000095367432,391.6693420410156,,,48.0,19.990000009536743,7.239999994635582,176.859375,,,,,Running,2025-06-24,4.85,34.49,8.44,7.11,65.6
19519833629,Austin Running,running,2025-06-23 06:30:33,4830.81005859375,1711.012939453125,1711.012939453125,1710.622982412577,293.0,2.822999954223633,3.115999937057495,151.0,170.0,3.200000047683716,0.0,104.30364990234376,,,47.0,79.31999999284744,36.889999985694885,168.28125,,,,,Running,2025-06-23,3.0,28.52,6.31,9.51,260.2
19481514459,Pool Swim,lap_swimming,2025-06-19 08:16:47,914.4000244140624,1015.948974609375,1640.634033203125,1015.948974609375,207.0,0.8999999761581421,1.1540000438690186,137.0,170.0,2.0,0.0,29.809982299804688,,,,,,,,,,,Swimming,2025-06-19,0.57,16.93,2.01,29.85,
19470410061,Austin Running,running,2025-06-18 06:26:35,7732.77978515625,2914.050048828125,3066.4208984375,2910.871032714844,507.0,2.6540000438690186,2.930000066757202,164.0,188.0,3.799999952316284,0.0,157.38427734375,,,47.0,44.810000002384186,75.89999997615814,167.171875,,,,,Running,2025-06-18,4.8,48.57,5.94,10.1,147.0
19433931272,Boulder Multisport,multi_sport,2025-06-14 07:44:32,114004.59188842772,22733.470489501957,22733.470489501957,,3127.0,5.014834490012148,,,200.0,5.0,0.5,439.07513427734375,,,,726.5299999937415,720.3100000321865,,,,,,Other,2025-06-14,70.84,378.89,11.22,5.35,2383.6
19410748882,Pool Swim,lap_swimming,2025-06-12 08:05:47,914.4000244140624,1014.1530151367188,2169.263916015625,1014.1530151367188,214.0,0.9020000100135804,1.0570000410079956,126.0,158.0,1.2000000476837158,0.0,15.974197387695312,,,,,,,,,,,Swimming,2025-06-12,0.57,16.9,2.02,29.7,
19389117074,Austin Running,running,2025-06-10 06:28:38,9669.1103515625,3554.701904296875,3554.701904296875,3553.946037530899,641.0,2.720000028610229,3.003999948501587,176.0,196.0,4.400000095367432,0.5,222.1587829589844,,,47.0,107.40000000596046,98.17000000178814,170.53125,,,,,Running,2025-06-10,6.01,59.25,6.08,9.87,352.4
19354501011,Austin Multisport,multi_sport,2025-06-06 17:04:28,34382.51065444946,5245.705206871033,6148.482794761658,,876.0,6.554411523052018,,,197.0,4.099999904632568,2.0,226.41744995117188,,,,158.6099999845028,164.16000002622604,,,,,,Other,2025-06-06,21.36,87.43,14.66,4.09,520.4
19345062698,Austin - Progression Run,running,2025-06-05 16:51:30,6814.58984375,2401.135009765625,2479.720947265625,2399.7540130615234,437.0,2.838000059127808,3.5269999504089355,172.0,193.0,3.900000095367432,0.800000011920929,183.28512573242188,,,47.0,43.41999998688698,45.37000000476837,163.34375,,,,,Running,2025-06-05,4.23,40.02,6.35,9.45,142.5
19319170478,Austin - Tempo Bike,cycling,2025-06-03 06:33:34,24510.359375,3600.65087890625,3787.177978515625,3587.651000022888,460.0,6.807000160217285,12.31700038909912,147.0,178.0,2.5999999046325684,0.5,71.01968383789062,,,,145.0,134.14000000059605,,,,,,Cycling,2025-06-03,15.23,60.01,15.23,3.94,475.7
19314016805,Austin Running,running,2025-06-02 17:30:29,3774.949951171875,1200.2340087890625,1200.2340087890625,1198.2790069580078,230.0,3.1449999809265137,4.171000003814697,176.0,187.0,3.299999952316284,0.0,118.18890380859376,,,48.0,7.389999985694885,16.17000000178814,173.109375,,,,,Running,2025-06-02,2.35,20.0,7.04,8.52,24.2
19313841014,Austin Cycling,cycling,2025-06-02 15:44:34,39931.94140625,5400.26904296875,5775.466796875,5368.080993652344,738.0,7.394000053405763,12.307000160217283,153.0,182.0,3.299999952316284,1.0,126.5516357421875,,,,215.07999999821183,173.9800000190735,,,,,,Cycling,2025-06-02,24.81,90.0,16.54,3.63,705.6
19301938863,Austin Running,running,2025-06-01 09:25:29,13679.4296875,5000.6728515625,5411.68505859375,4979.64697265625,875.0,2.736000061035156,3.275000095367432,174.0,187.0,4.400000095367432,0.0,227.52810668945312,,,48.0,89.20999999344349,49.46999999880791,165.453125,,,,,Running,2025-06-01,8.5,83.34,6.12,9.8,292.7
19284105342,Austin Running,running,2025-05-30 17:34:36,4833.89013671875,1505.675048828125,1729.7869873046875,1502.882031261921,287.0,3.2100000381469727,3.5360000133514404,177.0,190.0,3.5999999046325684,0.699999988079071,151.8754119873047,,,48.0,32.33000001311302,45.8299999833107,172.75,,,,,Running,2025-05-30,3.0,25.09,7.18,8.36,106.1
19283824848,Pool Swim,lap_swimming,2025-05-30 16:47:41,1463.0400390625,1684.989013671875,1825.802001953125,1684.989013671875,358.0,0.8679999709129333,1.5049999952316284,109.0,122.0,0.4000000059604645,0.0,6.3584747314453125,,,,,,,,,,,Swimming,2025-05-30,0.91,28.08,1.94,30.93,
19274541135,Austin - Progression Run,running,2025-05-29 17:07:49,7236.2900390625,2700.677978515625,2797.2060546875,2686.658976078033,455.0,2.678999900817871,3.322000026702881,165.0,189.0,3.5999999046325684,0.0,142.87672424316406,,,47.0,16.310000002384186,18.389999985694885,162.84375,,,,,Running,2025-05-29,4.5,45.01,5.99,10.02,53.5
19263844765,Treadmill Running,treadmill_running,2025-05-28 15:41:32,5339.10986328125,1915.739013671875,1915.739013671875,1886.7339935302732,314.0,2.7869999408721924,3.331000089645386,160.0,179.0,3.0,0.0,89.36508178710938,,,,,,165.203125,,,,,Running,2025-05-28,3.32,31.93,6.23,9.63,
19254298799,Tempo Bike,indoor_cycling,2025-05-27 15:29:47,28347.029296875,4620.89892578125,4789.09619140625,4619.898999989033,621.0,6.135000228881836,7.855999946594238,147.0,163.0,3.0999999046325684,0.0,93.93124389648438,43.400001525878906,0.5830000042915344,47.0,,,,76.0,115.0,117.0,149.0,Cycling,2025-05-27,17.61,77.01,13.72,4.37,
19239420683,Pool Swim,open_water_swimming,2025-05-26 07:26:43,1508.760009765625,2015.1839599609373,2279.85595703125,2015.1839599609373,28.0,0.7486959055677422,0.5080000162124634,135.0,152.0,1.899999976158142,0.0,26.17391967773437,,,,,,,,,,,Swimming,2025-05-26,0.94,33.59,1.67,35.93,
19233759479,Williamson County Running,running,2025-05-25 12:31:46,5594.97998046875,2053.797119140625,2401.008056640625,2038.0,348.0,2.7239999771118164,3.266000032424927,164.0,187.0,3.299999952316284,0.0,118.54508972167967,,,47.0,42.87000000476837,35.37000000476837,163.65625,,,,,Running,2025-05-25,3.48,34.23,6.09,9.85,140.6
19233235144,Williamson County Cycling,cycling,2025-05-25 06:47:04,96411.7578125,14523.982421875,19873.6796875,14251.911987304688,1694.0,6.638000011444092,15.77799987792969,152.0,183.0,3.799999952316284,2.0,199.52667236328125,,,,525.8999999761581,521.0099999997765,,,,,,Cycling,2025-05-25,59.91,242.07,14.85,4.04,1725.4
19220995359,Austin Open Water Swimming,open_water_swimming,2025-05-24 07:38:58,785.7000122070312,972.135986328125,1392.79296875,957.0,138.0,0.8080000281333923,1.3079999685287476,122.0,151.0,0.8999999761581421,0.0,12.05853271484375,,,,,,,,,,,Swimming,2025-05-24,0.49,16.2,1.81,33.15,
19206497478,Austin - Progression Run,running,2025-05-22 17:20:32,6301.25,2400.22998046875,2551.319091796875,2389.230010986328,401.0,2.625,3.134999990463257,167.0,198.0,3.5,0.0,132.88232421875,,,47.0,19.52999997138977,25.990000009536743,160.359375,,,,,Running,2025-05-22,3.92,40.0,5.87,10.22,64.1
19186975290,Austin - Tempo Bike,cycling,2025-05-20 16:25:18,24547.83984375,3601.052001953125,3714.535888671875,3591.0,495.0,6.816999912261963,9.031999588012695,152.0,174.0,2.799999952316284,0.2000000029802322,80.87825012207031,,,,151.54000002145767,87.0,,,,,,Cycling,2025-05-20,15.25,60.02,15.25,3.93,497.2
19176819140,Austin Running,running,2025-05-19 18:07:34,7366.47021484375,2515.693115234375,2531.62109375,2511.448974609375,468.0,2.9279999732971187,3.881999969482422,181.0,198.0,4.199999809265137,0.5,210.59201049804688,,,48.0,78.93999999761581,54.730000019073486,164.71875,,,,,Running,2025-05-19,4.58,41.93,6.55,9.16,259.0
19191755902,Leg Lift,fitness_equipment,2025-05-19 16:15:00,0.0,0.0,0.0,,0.0,0.0,,,,,,,,,,,,,,,,,Strength & Cardio,2025-05-19,0.0,0.0,0.0,,
19146443636,Austin - Long Bike,cycling,2025-05-16 14:46:00,44892.0,7885.93994140625,9937.9892578125,7749.0,1054.0,5.692999839782715,13.987000465393066,160.0,188.0,3.5999999046325684,2.5999999046325684,221.8861389160156,,,,263.3400000035763,259.7099999785423,,,,,,Cycling,2025-05-16,27.89,131.43,12.73,4.71,864.0
19138092879,Austin - Run Workout,running,2025-05-15 19:10:22,7837.759765625,2706.945068359375,3126.97509765625,2695.3779923915863,484.0,2.8949999809265137,3.246999979019165,174.0,191.0,3.799999952316284,0.0,174.0417022705078,,,48.0,22.83999997377396,29.34000000357628,163.0,,,,,Running,2025-05-15,4.87,45.12,6.48,9.26,74.9
19127593817,Pool Workout,lap_swimming,2025-05-14 17:33:50,975.3599853515624,1232.5240478515625,1581.14697265625,1212.0400390625,248.0,0.8050000071525574,0.9449999928474426,132.0,152.0,1.2000000476837158,0.0,17.692413330078125,,,,,,,,,,,Swimming,2025-05-14,0.61,20.54,1.8,33.33,
19117756326,Austin Running,running,2025-05-13 20:08:57,3461.739990234375,1502.8179931640625,1502.8179931640625,1501.4089965820312,213.0,2.302999973297119,2.5190000534057613,147.0,158.0,2.200000047683716,0.0,40.21028137207031,,,47.0,10.629999995231628,17.12999999523163,156.5,,,,,Running,2025-05-13,2.15,25.05,5.15,11.65,34.9
19106757764,Austin Cycling,cycling,2025-05-12 17:37:35,42906.51953125,7036.81494140625,9023.2333984375,6497.4010009765625,951.0,6.0970001220703125,15.050000190734863,165.0,196.0,4.900000095367432,3.0999999046325684,284.4726257324219,,,,552.9599999785423,509.2700000107288,,,,,,Cycling,2025-05-12,26.66,117.28,13.64,4.4,1814.2
19095860868,Austin Running,running,2025-05-11 15:18:36,4834.990234375,1636.7679443359375,1877.553955078125,1628.4320068359375,290.0,2.9539999961853027,3.1630001068115234,169.0,183.0,3.5999999046325684,0.0,111.66017150878906,,,47.0,19.730000019073486,33.62999999523163,172.40625,,,,,Running,2025-05-11,3.0,27.28,6.61,9.08,64.7
19095635745,Austin Cycling,cycling,2025-05-11 11:58:28,52197.08984375,8621.8046875,11080.7197265625,8461.0,1108.0,6.053999900817871,16.048999786376953,164.0,197.0,5.0,3.0999999046325684,303.6371459960937,,,,636.6399999856949,708.0900000035763,,,,,,Cycling,2025-05-11,32.43,143.7,13.54,4.43,2088.7
19086497368,Austin - Steady State Run,running,2025-05-10 19:24:32,7427.009765625,3001.2490234375,3034.656982421875,2998.199993133545,442.0,2.4749999046325684,3.1540000438690186,152.0,180.0,3.5999999046325684,0.0,108.98721313476562,,,47.0,15.07999999821186,24.389999985694885,158.75,,,,,Running,2025-05-10,4.61,50.02,5.54,10.83,49.5
19056555865,Treadmill Running,treadmill_running,2025-05-07 17:06:25,3089.93994140625,1200.9849853515625,1200.9849853515625,1188.3900146484375,183.0,2.572999954223633,2.938999891281128,160.0,170.0,3.0,0.0,66.38002014160156,,,,,,161.96875,,,,,Running,2025-05-07,1.92,20.02,5.76,10.42,
19047195842,Travis County - Tempo Bike,cycling,2025-05-06 18:04:26,32999.4296875,4579.841796875,6087.658203125,4559.0,660.0,7.204999923706055,13.82800006866455,170.0,196.0,4.400000095367432,2.799999952316284,225.3150634765625,,,,434.01999999955297,416.5400000214577,,,,,,Cycling,2025-05-06,20.5,76.33,16.12,3.72,1424.0
19035838750,Treadmill Running,treadmill_running,2025-05-05 15:43:01,4830.669921875,1847.126953125,1847.126953125,1828.9440287947652,312.0,2.615000009536743,3.1070001125335693,166.0,184.0,3.700000047683716,0.0,,,,,,,165.203125,,,,,Running,2025-05-05,3.0,30.79,5.85,10.26,
19027400630,Austin - Bike Workout (2),cycling,2025-05-04 15:45:45,59535.87109375,8970.26171875,10419.330078125,8948.327087402344,957.0,6.63700008392334,11.42099952697754,144.0,178.0,3.299999952316284,0.3000000119209289,,,,,269.1443786621094,273.1068115234375,,,,,,Cycling,2025-05-04,36.99,149.5,14.85,4.04,883.0
19015341968,Austin Running,running,2025-05-03 12:15:32,1612.77001953125,452.0539855957031,453.6289978027344,452.0539855957031,83.0,3.5680000782012944,3.900000095367432,164.0,194.0,2.5999999046325684,0.6000000238418579,,,,47.0,4.0,6.188812255859375,175.109375,,,,,Running,2025-05-03,1.0,7.53,7.98,7.52,13.1
19002525609,Austin - Run Workout,running,2025-05-02 07:27:37,7710.10009765625,3421.27099609375,2940.72607421875,2866.999992370605,494.0,2.253999948501587,3.461999893188477,171.0,198.0,4.300000190734863,2.200000047683716,,,,47.0,12.205078125,11.56414794921875,160.84375,,,,,Running,2025-05-02,4.79,57.02,5.04,11.9,40.0
18963244902,Richmond upon Thames - Base,running,2025-04-28 16:59:45,7251.240234375,2663.2119140625,2781.029052734375,2652.723022460937,441.0,2.7230000495910645,3.2839999198913574,162.0,187.0,3.799999952316284,0.0,,,,47.0,65.50808334350586,76.95699310302734,162.4375,,,,,Running,2025-04-28,4.51,44.39,6.09,9.85,214.9
18937764005,Marseille Running,running,2025-04-26 09:34:38,4834.7099609375,1583.7490234375,1661.5040283203125,1578.8800048828125,297.0,3.052999973297119,3.4800000190734863,181.0,197.0,3.900000095367432,0.0,,,,47.0,49.74988412857056,62.66560745239258,169.71875,,,,,Running,2025-04-26,3.0,26.4,6.83,8.78,163.2
18929375085,Marseille Running,running,2025-04-25 10:47:41,4837.58984375,1899.0689697265625,2140.256103515625,1898.3289794921875,317.0,2.5469999313354488,3.003999948501587,167.0,185.0,3.299999952316284,0.0,,,,47.0,62.17274332046509,61.21048212051392,163.484375,,,,,Running,2025-04-25,3.01,31.65,5.7,10.53,204.0
18855155818,Austin - Progression Run,running,2025-04-17 09:31:30,5629.2900390625,1879.011962890625,2168.597900390625,1873.385009765625,342.0,2.996000051498413,3.555000066757202,177.0,197.0,3.700000047683716,1.0,,,,48.0,23.82904052734375,19.55921936035156,171.21875,,,,,Running,2025-04-17,3.5,31.32,6.7,8.96,78.2
18844260221,Treadmill Running,treadmill_running,2025-04-16 06:58:26,4852.1201171875,1801.2559814453125,1801.2559814453125,1800.1209716796875,301.0,2.694000005722046,2.921000003814697,163.0,170.0,3.0999999046325684,0.0,,,,,,,171.328125,,,,,Running,2025-04-16,3.01,30.02,6.03,9.95,
18839448120,Steady State Bike,indoor_cycling,2025-04-15 16:18:46,20589.439453125,2699.884033203125,2699.884033203125,2699.0,312.0,7.626045859717101,7.907000064849853,,,,,,25.29923469597714,0.5808077290764099,,,,,80.9218228973694,115.77399036680252,116.16154581528195,129.0,Cycling,2025-04-15,12.79,45.0,17.06,3.52,
18824703381,Austin Running,running,2025-04-14 07:10:46,3224.0400390625,1205.1209716796875,1205.1209716796875,1204.6010014414787,201.0,2.674999952316284,2.8269999027252197,165.0,183.0,2.799999952316284,0.0,,,,48.0,5.580245971679688,4.1843109130859375,169.15625,,,,,Running,2025-04-14,2.0,20.09,5.98,10.03,18.3
18810322876,Austin - HR 1 hr,running,2025-04-12 15:19:40,3624.469970703125,1806.988037109375,1806.988037109375,1804.8280029296875,217.0,2.00600004196167,2.500999927520752,140.0,152.0,2.0,0.0,,,,48.0,10.17669677734375,11.259140014648438,159.09375,,,,,Running,2025-04-12,2.25,30.12,4.49,13.36,33.4
18751775048,Galveston Running,running,2025-04-06 11:17:18,21231.220703125,7089.18603515625,7090.19384765625,7068.242012023926,1263.0,2.994999885559082,3.573999881744385,169.0,180.0,4.699999809265137,0.0,,,,48.0,8.199999809265137,1.0,174.25,,,,,Running,2025-04-06,13.19,118.15,6.7,8.96,26.9
18751770588,Galveston Cycling,cycling,2025-04-06 07:31:19,90137.578125,13538.34375,13538.34375,12493.583984375,1234.0,6.6579999923706055,11.869000434875488,147.0,176.0,3.5,0.0,,,,,7.93734073638916,6.93734073638916,,,,,,Cycling,2025-04-06,56.01,225.64,14.89,4.03,26.0
18728868400,Galveston Cycling,cycling,2025-04-04 07:47:32,23045.259765625,3271.445068359375,3319.277099609375,3257.0,523.0,7.044000148773193,11.597999572753906,168.0,185.0,3.5999999046325684,0.0,,,,,0.0,0.6179907321929932,,,,,,Cycling,2025-04-04,14.32,54.52,15.76,3.81,0.0
18724548554,Galveston Running,running,2025-04-03 19:48:21,4540.9501953125,1765.72705078125,1797.2120361328125,1760.0,274.0,2.572000026702881,6.857999801635742,155.0,185.0,2.799999952316284,1.899999976158142,,,,47.0,0.8310887813568115,0.0,156.546875,,,,,Running,2025-04-03,2.82,29.43,5.75,10.43,2.7
18714225480,Austin Cycling,cycling,2025-04-02 16:43:38,32300.5390625,4278.2548828125,4385.93408203125,4267.0,670.0,7.550000190734863,12.326000213623049,165.0,181.0,3.799999952316284,0.2000000029802322,,,,,119.27197265625,123.21896362304688,,,,,,Cycling,2025-04-02,20.07,71.3,16.89,3.55,391.3
18713563005,Pool Swim,lap_swimming,2025-04-02 15:21:56,1950.719970703125,2202.176025390625,2282.675048828125,2202.176025390625,461.0,0.8859999775886536,2.5269999504089355,124.0,137.0,1.100000023841858,0.0,,,,,,,,,,,,Swimming,2025-04-02,1.21,36.7,1.98,30.3,
18704433238,Austin - Run Workout,running,2025-04-01 17:50:33,6451.68017578125,2296.59912109375,2418.3369140625,2291.8150329589844,396.0,2.809000015258789,3.378000020980835,168.0,187.0,3.5999999046325684,0.0,,,,47.0,25.93246459960937,22.38569641113281,164.6875,,,,,Running,2025-04-01,4.01,38.28,6.28,9.55,85.1
18703856547,Pool Swim,lap_swimming,2025-04-01 16:20:28,1645.9200439453125,2060.35791015625,2323.008056640625,2060.35791015625,366.0,0.7990000247955322,0.8920000195503236,86.0,104.0,0.1000000014901161,0.0,,,,,,,,,,,,Swimming,2025-04-01,1.02,34.34,1.79,33.52,
18693916816,Austin Running,running,2025-03-31 15:55:34,14488.75,5184.8740234375,5463.9970703125,5163.900024414063,906.0,2.7939999103546143,3.23799991607666,174.0,192.0,4.800000190734863,0.0,,,,47.0,92.06297302246094,98.74969482421876,163.484375,,,,,Running,2025-03-31,9.0,86.41,6.25,9.6,302.0
18674305002,Steady State Bike,indoor_cycling,2025-03-29 14:09:12,40907.0703125,5402.7548828125,5402.7548828125,5402.0,609.0,7.5715206778370625,8.01200008392334,,,,,,48.30766271400688,0.5673507467459116,,,,,74.14938911514254,112.76527212143652,113.47014934918232,134.0,Cycling,2025-03-29,25.42,90.05,16.94,3.54,
18672807784,Cardio,indoor_cardio,2025-03-29 11:06:41,0.0,1502.3399658203125,2031.2430419921875,0.0,188.0,0.0,,141.0,164.0,2.0999999046325684,0.0,,,,,,,,,,,,Strength & Cardio,2025-03-29,0.0,25.04,0.0,,
18665283341,Austin Running,running,2025-03-28 16:12:44,5522.259765625,1801.81298828125,1801.81298828125,1801.405029296875,335.0,3.0650000572204594,3.414999961853028,180.0,193.0,3.799999952316284,0.0,,,,47.0,22.255523681640625,11.763092041015623,171.6875,,,,,Running,2025-03-28,3.43,30.03,6.86,8.75,73.0
18665091461,Austin Cycling,cycling,2025-03-28 14:51:01,31071.779296875,4412.1611328125,4532.23291015625,4404.870971679688,670.0,7.041999816894531,13.977000236511232,165.0,184.0,3.900000095367432,1.100000023841858,,,,,136.8193817138672,136.92332458496094,,,,,,Cycling,2025-03-28,19.31,73.54,15.75,3.81,448.9
18647748327,Austin - Run Workout,running,2025-03-26 17:24:43,4839.830078125,1782.66796875,1847.720947265625,1782.3909912109375,304.0,2.7149999141693115,3.266000032424927,165.0,176.0,3.200000047683716,0.1000000014901161,,,,47.0,2.613754272460937,3.6137542724609375,164.6875,,,,,Running,2025-03-26,3.01,29.71,6.07,9.88,8.6
18638243772,Austin - Tempo Bike,cycling,2025-03-25 17:04:54,48767.78125,6924.88818359375,7075.05712890625,6881.486038208008,845.0,7.041999816894531,11.729000091552734,154.0,178.0,3.400000095367432,0.699999988079071,,,,,170.6960906982422,169.0882110595703,,,,,,Cycling,2025-03-25,30.3,115.41,15.75,3.81,560.0
18618817561,Austin Running,running,2025-03-23 17:04:56,9662.7998046875,3364.201904296875,3506.33203125,3359.346984863281,595.0,2.871999979019165,3.3499999046325684,175.0,190.0,4.300000190734863,0.0,,,,47.0,69.48683166503906,66.50027465820312,166.15625,,,,,Running,2025-03-23,6.0,56.07,6.42,9.35,228.0
18618462714,Austin Cycling,cycling,2025-03-23 14:08:23,67423.21875,9010.5615234375,9372.0869140625,8984.341979980469,1252.0,7.482999801635742,14.937999725341797,164.0,186.0,4.400000095367432,2.200000047683716,,,,,252.9156646728516,254.8575592041016,,,,,,Cycling,2025-03-23,41.89,150.18,16.74,3.58,829.8
18607115974,Austin Running,running,2025-03-22 11:40:42,2269.969970703125,887.6810302734375,1413.8900146484375,885.0,137.0,2.556999921798706,2.789999961853028,155.0,174.0,2.200000047683716,0.0,,,,47.0,6.3552093505859375,0.0,163.03125,,,,,Running,2025-03-22,1.41,14.79,5.72,10.49,20.9
18607114904,Austin Running,running,2025-03-22 11:09:10,4336.72998046875,1723.738037109375,1753.678955078125,1718.0,277.0,2.5160000324249268,2.7249999046325684,158.0,176.0,3.0999999046325684,0.0,,,,47.0,9.933883666992188,20.933883666992188,163.375,,,,,Running,2025-03-22,2.69,28.73,5.63,10.66,32.6
18590372009,Austin Cycling,cycling,2025-03-20 16:16:13,23170.2890625,3411.7041015625,3629.72509765625,3400.0340576171875,507.0,6.790999889373779,14.098999977111816,160.0,185.0,3.400000095367432,0.3000000119209289,,,,,139.95880126953125,141.39019775390625,,,,,,Cycling,2025-03-20,14.4,56.86,15.19,3.95,459.2
18589873547,Austin - Pace Repeats,running,2025-03-20 15:06:34,8678.51953125,2952.404052734375,3297.302978515625,2935.403994381428,513.0,2.938999891281128,3.788000106811523,172.0,193.0,4.099999904632568,1.600000023841858,,,,47.0,19.86973571777344,17.435379028320312,166.75,,,,,Running,2025-03-20,5.39,49.21,6.57,9.13,65.2
18561581120,Austin - Tempo Bike,cycling,2025-03-17 16:36:28,52333.1015625,7319.23681640625,7464.0361328125,7301.581024169922,966.0,7.1500000953674325,13.883999824523926,160.0,183.0,3.799999952316284,2.0,,,,,212.4968414306641,212.06216430664065,,,,,,Cycling,2025-03-17,32.52,121.99,15.99,3.75,697.2
18552950588,Austin Cycling,cycling,2025-03-16 17:26:55,48293.0,6802.2451171875,7022.5322265625,6759.151977539063,759.0,7.099999904632568,12.093000411987305,147.0,172.0,3.0999999046325684,0.1000000014901161,,,,,162.69320678710938,162.1498260498047,,,,,,Cycling,2025-03-16,30.01,113.37,15.88,3.78,533.8
18543365098,Austin Running,running,2025-03-15 16:50:21,24145.5390625,8940.08984375,9783.2021484375,8895.631958007812,1463.0,2.700999975204468,3.032000064849853,162.0,182.0,5.0,0.1000000014901161,,,,47.0,50.2911376953125,50.17306518554688,166.71875,,,,,Running,2025-03-15,15.0,149.0,6.04,9.93,165.0
18525677795,Austin Running,running,2025-03-13 17:01:16,5795.31982421875,2100.445068359375,2253.74609375,2082.0,371.0,2.759000062942505,3.032000064849853,174.0,184.0,3.799999952316284,0.0,,,,47.0,6.0,8.257156372070312,166.625,,,,,Running,2025-03-13,3.6,35.01,6.17,9.72,19.7
18525296405,Austin Cycling,cycling,2025-03-13 15:11:59,36341.19921875,5315.533203125,5844.51806640625,5300.751953125,800.0,6.836999893188477,13.864999771118164,169.0,189.0,4.5,1.899999976158142,,,,,182.3310089111328,182.5315704345703,,,,,,Cycling,2025-03-13,22.58,88.59,15.29,3.92,598.2
18517197398,Austin Running,running,2025-03-12 18:12:53,8050.1201171875,2970.967041015625,3035.596923828125,2959.4860229492188,513.0,2.7100000381469727,3.051000118255616,172.0,181.0,4.199999809265137,0.0,,,,47.0,22.938385009765625,21.18865966796875,165.3125,,,,,Running,2025-03-12,5.0,49.52,6.06,9.9,75.3
18507303697,Indoor Cycling,indoor_cycling,2025-03-11 16:25:25,20850.359375,3600.72412109375,3600.72412109375,3599.7559814453125,376.0,5.790999889373778,7.465000152587891,137.0,149.0,2.200000047683716,0.0,,,,,,,,66.0,,,,Cycling,2025-03-11,12.96,60.01,12.95,4.63,
18479725578,Cedar Park Running,running,2025-03-08 17:15:00,5557.81005859375,2222.216064453125,2225.33203125,2221.600006103516,359.0,2.500999927520752,3.1719999313354497,146.0,160.0,3.400000095367432,0.0,,,,,12.823699951171877,4.4271087646484375,164.296875,,,,,Running,2025-03-08,3.45,37.04,5.59,10.73,42.1
18478220221,Cedar Park Running,running,2025-03-08 16:42:27,4415.72021484375,1647.89697265625,1668.5450439453125,1642.0,276.0,2.680000066757202,2.845999956130981,156.0,169.0,3.400000095367432,0.0,,,,47.0,4.813766479492188,17.597030639648438,167.375,,,,,Running,2025-03-08,2.74,27.46,5.99,10.02,15.8
18478218948,Cedar Park Cycling,cycling,2025-03-08 15:13:57,20642.130859375,4290.341796875,4685.93896484375,4221.760009765625,360.0,4.810999870300293,8.602999687194824,125.0,146.0,1.899999976158142,0.0,,,,,50.395355224609375,47.008148193359375,,,,,,Cycling,2025-03-08,12.83,71.51,10.76,5.58,165.3
18477308740,Pool Swim,lap_swimming,2025-03-08 14:03:10,1463.0400390625,1833.89794921875,2124.087890625,1833.89794921875,365.0,0.7979999780654907,0.8859999775886536,120.0,151.0,0.8999999761581421,0.0,,,,,,,,,,,,Swimming,2025-03-08,0.91,30.56,1.79,33.52,
18477124380,Pool Swim,lap_swimming,2025-03-08 13:58:41,91.44000244140624,109.22000122070312,252.1519927978516,109.22000122070312,17.0,0.8370000123977661,0.9139999747276306,101.0,116.0,0.0,0.0,,,,,,,,,,,,Swimming,2025-03-08,0.06,1.82,1.87,32.09,
18460309743,Austin Cycling,cycling,2025-03-06 18:10:16,22265.970703125,3541.662109375,3582.93994140625,3443.7130126953125,363.0,6.287000179290772,8.854999542236328,134.0,156.0,2.200000047683716,0.0,,,,,44.12139892578125,44.97946166992188,,,,,,Cycling,2025-03-06,13.84,59.03,14.06,4.27,144.8
18403922826,Austin Running,running,2025-02-28 16:07:26,6444.39013671875,2219.616943359375,2392.553955078125,2204.186985850334,388.0,2.9030001163482666,3.6110000610351567,173.0,188.0,3.700000047683716,0.0,,,,47.0,35.323486328125,18.67156982421875,165.15625,,,,,Running,2025-02-28,4.0,36.99,6.49,9.24,115.9
18395993160,Austin Cycling,cycling,2025-02-27 13:28:33,112668.2421875,16236.0888671875,16804.19921875,16230.511108398438,1523.0,6.939000129699707,9.824999809265137,145.0,170.0,3.299999952316284,0.4000000059604645,,,,,329.66993713378906,337.9122772216797,,,,,,Cycling,2025-02-27,70.01,270.6,15.52,3.87,1081.6
18387243493,Austin - Pace Repeats,running,2025-02-26 17:45:32,6883.009765625,2486.3759765625,2619.429931640625,2473.093994140625,425.0,2.7679998874664307,4.132999897003174,169.0,193.0,3.900000095367432,2.5,,,,47.0,12.317428588867188,18.57952880859375,153.734375,,,,,Running,2025-02-26,4.28,41.44,6.19,9.69,40.4
18377972412,Austin - Bike Workout,cycling,2025-02-25 16:47:37,36147.53125,5274.8837890625,5672.2451171875,5271.653999984264,591.0,6.853000164031982,14.052000045776367,145.0,178.0,2.799999952316284,0.2000000029802322,,,,,119.97837829589844,117.2107391357422,,,,,,Cycling,2025-02-25,22.46,87.91,15.33,3.91,393.6
18368033877,Austin - Run Workout,running,2025-02-24 16:03:10,8963.5595703125,3174.31494140625,3509.593994140625,3151.6939697265625,547.0,2.8239998817443848,3.1630001068115234,173.0,187.0,4.099999904632568,0.0,,,,47.0,14.703811645507812,18.41461181640625,165.140625,,,,,Running,2025-02-24,5.57,52.91,6.32,9.49,48.2
18349301244,Austin Running,running,2025-02-22 14:22:57,12880.169921875,4529.18896484375,4810.94189453125,4503.059997558594,790.0,2.844000101089477,3.414999961853028,175.0,193.0,5.0,0.0,,,,47.0,44.95991516113281,46.756866455078125,169.828125,,,,,Running,2025-02-22,8.0,75.49,6.36,9.43,147.5
18348733908,Cardio,indoor_cardio,2025-02-22 13:05:03,0.0,2607.339111328125,2607.339111328125,0.0,316.0,0.0,,141.0,164.0,2.400000095367432,0.0,,,,,,,,,,,,Strength & Cardio,2025-02-22,0.0,43.46,0.0,,
18323993914,Austin - Run Workout,running,2025-02-19 16:50:20,9136.26953125,3382.409912109375,3502.89892578125,3252.914001464844,565.0,2.700999975204468,3.0420000553131104,165.0,185.0,4.099999904632568,0.0,,,,46.0,16.340255737304688,16.477874755859375,161.890625,,,,,Running,2025-02-19,5.68,56.37,6.04,9.93,53.6
18274937714,Fort Lauderdale - Run Workout,running,2025-02-14 08:23:01,4183.91015625,1524.4169921875,1558.9420166015625,1522.4860038757324,266.0,2.744999885559082,3.125999927520752,179.0,187.0,3.299999952316284,0.0,,,,46.0,1.0,1.0,165.453125,,,,,Running,2025-02-14,2.6,25.41,6.14,9.77,3.3
18270998649,Fort Lauderdale Running,running,2025-02-13 18:35:34,3221.239990234375,1261.2530517578125,1284.9339599609375,1255.3400268554688,206.0,2.55399990081787,2.789999961853028,161.0,176.0,2.900000095367432,0.0,,,,46.0,1.0,2.0,162.75,,,,,Running,2025-02-13,2.0,21.02,5.71,10.51,3.3
18243338263,Austin Running,running,2025-02-10 14:12:37,5268.5,1804.050048828125,1804.050048828125,1802.886978149414,306.0,2.9200000762939453,3.302999973297119,162.0,173.0,3.299999952316284,0.0,,,,46.0,8.763137817382812,16.604583740234375,171.046875,,,,,Running,2025-02-10,3.27,30.07,6.53,9.19,28.8
18243088613,Tempo Bike,indoor_cycling,2025-02-10 12:39:29,29245.359375,5400.994140625,5400.994140625,5388.0,560.0,5.414999961853027,6.698999881744385,144.0,162.0,2.799999952316284,0.1000000014901161,,,,,,,,72.0,,,,Cycling,2025-02-10,18.17,90.02,12.11,4.95,
18223512178,Austin Cycling,cycling,2025-02-08 08:11:47,28717.3203125,4850.17822265625,5104.77392578125,4847.489990234375,414.0,5.921000003814696,9.675999641418455,131.0,172.0,2.200000047683716,0.0,,,,,93.78741455078124,94.7861785888672,,,,,,Cycling,2025-02-08,17.84,80.84,13.24,4.53,307.7
18217483169,Austin Running,running,2025-02-07 16:45:34,4838.58984375,1662.5789794921875,1662.5789794921875,1661.6179809570312,291.0,2.9100000858306885,3.302999973297119,175.0,185.0,3.5,0.0,,,,46.0,4.0,12.025604248046877,168.578125,,,,,Running,2025-02-07,3.01,27.71,6.51,9.22,13.1
18217481107,Indoor Cycling,indoor_cycling,2025-02-07 15:56:36,19315.55078125,2633.091064453125,2633.091064453125,2632.1510009765625,434.0,7.335999965667725,8.770999908447266,168.0,179.0,3.700000047683716,0.0,,,,,,,,81.0,,,,Cycling,2025-02-07,12.0,43.88,16.41,3.66,
18200782858,Bike Power Intervals,indoor_cycling,2025-02-05 16:48:36,30535.75,3843.866943359375,3843.866943359375,3843.0,496.0,7.944018471490864,9.666999816894531,,,,,,51.9956492613473,0.6978315170456685,,,,,77.43013270882123,129.28181108508977,139.5663034091337,227.0,Cycling,2025-02-05,18.97,64.06,17.77,3.38,
18191166695,Swim Base 2,lap_swimming,2025-02-04 16:03:49,2125.97998046875,2943.384033203125,3172.5458984375,2532.219970703125,464.0,0.8399999737739563,1.7419999837875366,136.0,158.0,2.299999952316284,0.0,,,,,,,,,,,,Swimming,2025-02-04,1.32,49.06,1.88,31.91,
18186466857,Tempo Bike,indoor_cycling,2025-02-04 06:50:41,20793.26953125,3602.5,3602.5,3598.9180666208267,458.0,5.771999835968018,7.157000064849854,150.0,165.0,2.799999952316284,0.0,,,,,,,,77.0,,,,Cycling,2025-02-04,12.92,60.04,12.91,4.65,
18181272623,Austin Running,running,2025-02-03 15:03:53,4891.1298828125,1800.4439697265625,1936.551025390625,1793.8129997253418,297.0,2.7170000076293945,3.1540000438690186,169.0,179.0,3.299999952316284,0.0,,,,46.0,7.995529174804687,8.662582397460938,165.4375,,,,,Running,2025-02-03,3.04,30.01,6.08,9.87,26.2
18163800825,Austin Running,running,2025-02-01 16:14:46,19320.0390625,6887.84912109375,7291.916015625,6853.742004394531,1177.0,2.805000066757202,3.312000036239624,177.0,188.0,5.0,0.1000000014901161,,,,46.0,48.81575012207031,47.820709228515625,169.390625,,,,,Running,2025-02-01,12.0,114.8,6.27,9.57,160.2
18146304813,Bike Workout,indoor_cycling,2025-01-30 13:16:18,110003.453125,14414.6298828125,14414.6298828125,14414.0,1654.0,7.631375485829453,8.706000328063965,,,,,,133.33960359055078,0.5770707773607363,,,,,54.91577632856944,114.7603024836964,115.41415547214729,168.0,Cycling,2025-01-30,68.35,240.24,17.07,3.51,
18137655445,Austin - Run Workout,running,2025-01-29 17:17:12,5427.16015625,1808.97705078125,1861.1090087890625,1796.917007446289,329.0,3.0000000000000004,3.8350000381469727,181.0,193.0,4.0,0.3000000119209289,,,,46.0,1.0,17.199996948242188,167.84375,,,,,Running,2025-01-29,3.37,30.15,6.71,8.94,3.3
18137122531,Swim Base,lap_swimming,2025-01-29 14:53:29,2354.580078125,4464.26416015625,4495.7978515625,2909.40087890625,438.0,0.8090000152587891,1.149999976158142,134.0,160.0,2.200000047683716,0.0,,,,,,,,,,,,Swimming,2025-01-29,1.46,74.4,1.81,33.15,
18128268368,Austin - Steady State Run,running,2025-01-28 16:11:26,8873.9501953125,3194.35791015625,3230.68505859375,3183.638000488281,530.0,2.778000116348266,3.5179998874664307,168.0,185.0,4.300000190734863,0.0,,,,46.0,21.539230346679688,24.451080322265625,165.4375,,,,,Running,2025-01-28,5.51,53.24,6.21,9.66,70.7
18118567305,Austin - Tempo Bike,cycling,2025-01-27 13:41:17,39530.171875,5703.69677734375,5887.35009765625,5701.69492483139,690.0,6.931000232696533,12.81999969482422,154.0,177.0,3.400000095367432,0.800000011920929,,,,,147.43453979492188,147.18240356445312,,,,,,Cycling,2025-01-27,24.56,95.06,15.5,3.87,483.7
18099266430,Austin Running,running,2025-01-25 09:15:49,11731.8203125,4210.52392578125,4742.34423828125,4094.72998046875,709.0,2.7860000133514404,3.3399999141693115,167.0,192.0,4.800000190734863,0.2000000029802322,,,,46.0,101.6038055419922,102.0067138671875,167.8125,,,,,Running,2025-01-25,7.29,70.18,6.23,9.63,333.3
18092551186,Bike Workout,indoor_cycling,2025-01-24 15:07:07,36382.7109375,6313.79296875,6349.216796875,6299.718017578125,713.0,5.76200008392334,6.848999977111816,151.0,167.0,3.200000047683716,0.1000000014901161,,,,,,,,66.0,,,,Cycling,2025-01-24,22.61,105.23,12.89,4.65,
18076204586,Pace Repeats,treadmill_running,2025-01-22 16:19:55,8062.81982421875,3661.910888671875,3661.910888671875,3592.822998046875,390.0,2.20199990272522,3.732000112533569,144.0,179.0,2.900000095367432,0.6000000238418579,,,,,,,143.09375,,,,,Running,2025-01-22,5.01,61.03,4.93,12.17,
18071804013,Steady State Bike,indoor_cycling,2025-01-22 05:40:03,57447.87890625,8099.6572265625,8099.6572265625,8099.0,772.0,7.092630873051268,7.691999912261963,,,,,,51.90080429907613,0.4802915814152066,,,,,76.20027163847388,95.34399308556613,96.05831628304132,122.0,Cycling,2025-01-22,35.7,134.99,15.87,3.78,
18067215594,Austin - Steady State Run,running,2025-01-21 16:02:42,8563.759765625,3000.843994140625,3100.593017578125,2991.8040047883987,516.0,2.8540000915527344,3.3399999141693115,162.0,186.0,4.599999904632568,0.0,,,,46.0,11.594772338867188,12.276504516601562,169.578125,,,,,Running,2025-01-21,5.32,50.01,6.38,9.4,38.0
18057620786,Tempo Bike,indoor_cycling,2025-01-20 13:42:55,47061.5703125,6001.25,6001.25,6001.0,747.0,7.84196131014372,8.38700008392334,,,,,,66.56746934386794,0.631919001184642,,,,,76.0741543076154,124.6132311281453,126.3838002369284,157.0,Cycling,2025-01-20,29.24,100.02,17.54,3.42,
18049311077,Austin Running,running,2025-01-19 13:22:31,16099.080078125,6064.296875,6607.48681640625,6024.8380126953125,1003.0,2.65499997138977,2.994999885559082,175.0,190.0,5.0,0.0,,,,46.0,26.364730834960938,33.544891357421875,165.484375,,,,,Running,2025-01-19,10.0,101.07,5.94,10.1,86.5
18039333236,Ironman Swim,lap_swimming,2025-01-18 12:41:32,2308.860107421875,3024.175048828125,3173.096923828125,2887.64990234375,505.0,0.800000011920929,1.2319999933242798,122.0,141.0,1.2000000476837158,0.0,,,,,,,,,,,,Swimming,2025-01-18,1.43,50.4,1.79,33.52,
18031504921,Austin - Pace Repeats,running,2025-01-17 17:12:16,8264.0498046875,3002.5869140625,3394.571044921875,2992.999984741211,500.0,2.752000093460083,3.200000047683716,172.0,186.0,4.099999904632568,0.0,,,,46.0,23.68934631347656,22.881805419921875,164.140625,,,,,Running,2025-01-17,5.14,50.04,6.16,9.74,77.7
18023063704,Bike Power Intervals,indoor_cycling,2025-01-16 15:52:12,44901.9296875,5883.96484375,5883.96484375,5883.0,687.0,7.63123690910479,9.80799961090088,,,,,,67.61938173316614,0.643208557144983,,,,,78.46710861805201,116.81930987591365,128.64171142899662,254.0,Cycling,2025-01-16,27.9,98.07,17.07,3.51,
18005292004,Swim FARTLEK,lap_swimming,2025-01-14 16:36:49,2148.840087890625,3780.958984375,3944.77001953125,2599.056884765625,450.0,0.8270000219345093,1.069000005722046,113.0,154.0,1.5,0.0,,,,,,,,,,,,Swimming,2025-01-14,1.34,63.02,1.85,32.43,
17995600388,Bike Workout (2),indoor_cycling,2025-01-13 15:49:08,27114.830078125,3487.35107421875,3487.35107421875,3487.0,421.0,7.775193693167061,8.743000030517578,,,,,,36.03058011031776,0.6098724882508733,,,,,74.00516203039862,120.76770863206194,121.97449765017464,169.0,Cycling,2025-01-13,16.85,58.12,17.39,3.45,
17976129146,Base 1,indoor_cycling,2025-01-11 11:24:22,26733.380859375,3600.044921875,3600.044921875,3600.0,390.0,7.425846465674528,8.003999710083008,,,,,,32.934011876058456,0.5738780438451346,,,,,85.68194444444444,108.42027777777778,114.77560876902692,137.0,Cycling,2025-01-11,16.61,60.0,16.61,3.61,
17917975621,Austin - Long Bike,cycling,2025-01-04 13:33:45,89080.6796875,12725.466796875,13165.4482421875,12634.335952758787,1423.0,7.0,11.840999603271484,163.0,184.0,4.599999904632568,2.299999952316284,,,,,380.0917510986328,378.4302520751953,,,,,,Cycling,2025-01-04,55.35,212.09,15.66,3.83,1247.0
17908049740,Swim FARTLEK,lap_swimming,2025-01-03 12:59:24,1303.02001953125,2644.178955078125,2653.376953125,1827.0909423828125,312.0,0.7129999995231628,0.9079999923706056,135.0,158.0,2.0999999046325684,0.0,,,,,,,,,,,,Swimming,2025-01-03,0.81,44.07,1.59,37.74,
17908048455,Swim FARTLEK,lap_swimming,2025-01-03 12:33:42,960.1199951171876,1461.155029296875,1490.968017578125,1270.9219970703125,190.0,0.7549999952316284,1.0809999704360962,132.0,151.0,1.5,0.0,,,,,,,,,,,,Swimming,2025-01-03,0.6,24.35,1.69,35.5,
17900979869,Austin - Run Brick,running,2025-01-02 17:25:26,3198.449951171875,1208.1070556640625,1208.1070556640625,1206.8610286712646,205.0,2.6470000743865967,2.882999897003174,187.0,200.0,3.0999999046325684,0.0,,,,45.0,0.0,19.619430541992188,163.65625,,,,,Running,2025-01-02,1.99,20.14,5.92,10.14,0.0
17905488201,Cycling,cycling,2025-01-02 16:00:00,44047.74609375,4320.0,4320.0,,901.0,10.196237521701388,,,,,,,,,,,,,,108.0,,,Cycling,2025-01-02,27.37,72.0,22.81,2.63,
17891971842,Austin - Steady State Run,running,2025-01-01 14:47:00,8748.830078125,3602.864013671875,3703.22607421875,3581.8480088710785,534.0,2.427999973297119,3.032000064849853,159.0,191.0,3.5,0.2000000029802322,,,,45.0,77.89190673828125,57.69346618652344,162.21875,,,,,Running,2025-01-01,5.44,60.05,5.43,11.05,255.6
17884013997,Swim Base 2,lap_swimming,2024-12-31 12:24:21,1965.9599609375,3489.76806640625,3685.35791015625,2440.552001953125,425.0,0.8059999942779541,1.003000020980835,134.0,190.0,2.400000095367432,0.0,,,,,,,,,,,,Swimming,2024-12-31,1.22,58.16,1.8,33.33,
17881933693,Steady State Bike,indoor_cycling,2024-12-31 07:02:54,44600.3203125,6300.4951171875,6300.4951171875,6300.0,596.0,7.078859594832809,7.460000038146973,,,,,,40.29538285463122,0.4798345922631135,,,,,82.67079365079366,94.6073015873016,95.96691845262268,119.0,Cycling,2024-12-31,27.71,105.01,15.83,3.79,
17869276812,Austin Running,running,2024-12-29 17:02:53,14488.349609375,5283.5849609375,5283.5849609375,5274.552917480469,869.0,2.7420001029968257,3.115999937057495,143.0,168.0,4.900000095367432,0.0,,,,45.0,51.53106689453125,52.05058288574219,164.40625,,,,,Running,2024-12-29,9.0,88.06,6.13,9.79,169.1
17859431632,Austin Running,running,2024-12-28 12:04:11,4557.18017578125,1800.550048828125,1800.550048828125,1794.7340087890625,287.0,2.5309998989105225,2.789999961853028,165.0,173.0,3.299999952316284,0.0,,,,45.0,11.362533569335938,11.224502563476562,160.25,,,,,Running,2024-12-28,2.83,30.01,5.66,10.6,37.3
17859192877,Garmin Triathlon de Paris ,virtual_ride,2024-12-28 10:30:12,40424.8515625,5522.0,5522.0,5522.0,709.0,7.322000026702882,15.508000373840334,,,,,,47.907944176132496,0.5588648773776927,,183.0,208.0,,86.0,109.0,111.77297547553856,206.0,Cycling,2024-12-28,25.12,92.03,16.38,3.66,600.4
17853408786,Bike Power Intervals,indoor_cycling,2024-12-27 19:58:50,40373.0,5404.0361328125,5404.0361328125,5404.0,593.0,7.470897493608746,10.008000373840332,,,,,,51.92406800319665,0.5881342662977279,,,,,85.85880829015544,109.8262398223538,117.62685325954558,271.0,Cycling,2024-12-27,25.09,90.07,16.71,3.59,
17853298465,Swim FARTLEK,lap_swimming,2024-12-27 17:57:48,2286.0,3831.639892578125,3915.964111328125,2836.261962890625,505.0,0.8059999942779541,0.9710000157356264,117.0,176.0,2.200000047683716,0.0,,,,,,,,,,,,Swimming,2024-12-27,1.42,63.86,1.8,33.33,
17829639503,Austin Cycling,cycling,2024-12-24 08:32:14,42406.53125,6305.5927734375,7111.0361328125,6297.510986328125,842.0,6.724999904632569,11.812999725341797,161.0,188.0,4.099999904632568,0.699999988079071,,,,,222.8363037109375,232.0826873779297,,,,,,Cycling,2024-12-24,26.35,105.09,15.04,3.99,731.1
17825127448,Swim Base,lap_swimming,2024-12-23 16:58:45,1463.0400390625,2411.43603515625,2454.093017578125,1816.48095703125,285.0,0.8259999752044678,1.618000030517578,137.0,184.0,2.400000095367432,0.0,,,,,,,,,,,,Swimming,2024-12-23,0.91,40.19,1.85,32.43,
17824220138,Austin - Pace Repeats,running,2024-12-23 15:40:59,6819.669921875,2619.492919921875,2752.573974609375,2603.0,426.0,2.6029999256134038,3.38700008392334,170.0,190.0,3.900000095367432,0.5,,,,45.0,10.573455810546877,11.10845947265625,155.375,,,,,Running,2024-12-23,4.24,43.66,5.82,10.31,34.7
17817048224,Austin Running,running,2024-12-22 12:32:14,7883.02001953125,3000.783935546875,3731.4140625,2975.0,477.0,2.6270000934600826,3.181999921798706,161.0,178.0,3.700000047683716,0.0,,,,45.0,20.17915344238281,17.979156494140625,162.171875,,,,,Running,2024-12-22,4.9,50.01,5.88,10.2,66.2
17817046328,Austin Cycling,cycling,2024-12-22 10:46:07,35253.12890625,5447.908203125,5880.5732421875,5446.7159423828125,680.0,6.4710001945495605,13.27799987792969,159.0,188.0,3.900000095367432,2.200000047683716,,,,,204.8054656982422,204.79576110839844,,,,,,Cycling,2024-12-22,21.91,90.8,14.48,4.14,671.9
17810453863,Austin Cycling,cycling,2024-12-21 13:31:13,40250.5,5885.1337890625,6293.01611328125,5874.47900390625,818.0,6.839000225067139,11.243000030517578,165.0,187.0,4.699999809265137,2.0999999046325684,,,,,181.01466369628903,164.01361083984375,,,,,,Cycling,2024-12-21,25.01,98.09,15.3,3.92,593.9
17797531235,Austin Running,running,2024-12-19 16:26:40,6445.759765625,2221.240966796875,2324.97509765625,2200.5770000219345,390.0,2.9019999504089355,3.45199990272522,175.0,190.0,4.599999904632568,0.0,,,,45.0,19.3785400390625,18.054519653320312,160.625,,,,,Running,2024-12-19,4.01,37.02,6.49,9.24,63.6
17787129806,Austin Running,running,2024-12-18 07:02:29,3224.89990234375,1206.08203125,1206.08203125,1205.350016117096,194.0,2.674000024795532,2.986000061035156,155.0,191.0,3.200000047683716,0.0,,,,45.0,63.200172424316406,25.523178100585938,160.921875,,,,,Running,2024-12-18,2.0,20.1,5.98,10.03,207.3
17759387646,Austin Running,running,2024-12-14 09:35:09,3223.56005859375,1191.4959716796875,1191.4959716796875,1190.6730346679688,209.0,2.7049999237060542,2.994999885559082,179.0,200.0,3.700000047683716,0.3000000119209289,,,,45.0,27.399826049804688,34.25917053222656,161.40625,,,,,Running,2024-12-14,2.0,19.86,6.05,9.92,89.9
17747852807,Austin Running,running,2024-12-12 16:15:09,6441.35986328125,2294.12890625,2323.616943359375,2292.6480117440224,399.0,2.808000087738037,3.1719999313354497,182.0,195.0,4.599999904632568,0.1000000014901161,,,,45.0,19.34164428710937,18.37313842773437,162.546875,,,,,Running,2024-12-12,4.0,38.24,6.28,9.55,63.5
17725547567,Austin Running,running,2024-12-09 16:26:00,2410.280029296875,901.9869995117188,901.9869995117188,901.9089965820312,149.0,2.671999931335449,3.059999942779541,173.0,183.0,3.0999999046325684,0.0,,,,45.0,0.0,7.08929443359375,160.0,,,,,Running,2024-12-09,1.5,15.03,5.98,10.03,0.0
17716658099,Austin Running,running,2024-12-08 10:24:53,1618.1199951171875,524.1119995117188,524.1119995117188,518.0,95.0,3.086999893188477,3.5829999446868896,183.0,199.0,3.0,0.0,,,,45.0,6.759765625,8.723739624023438,165.625,,,,,Running,2024-12-08,1.01,8.74,6.91,8.68,22.2
17710376210,Austin Running,running,2024-12-07 12:43:15,6441.2001953125,2355.471923828125,2429.06298828125,2344.762023925781,410.0,2.734999895095825,2.9110000133514404,180.0,192.0,4.599999904632568,0.0,,,,45.0,9.809600830078123,10.34136962890625,163.625,,,,,Running,2024-12-07,4.0,39.26,6.12,9.8,32.2
17703807804,Austin Running,running,2024-12-06 14:59:29,3222.320068359375,1194.3179931640625,1194.3179931640625,1190.176025390625,206.0,2.6979999542236324,3.302999973297119,174.0,199.0,3.5,1.2999999523162842,,,,45.0,26.0,24.608718872070312,160.453125,,,,,Running,2024-12-06,2.0,19.91,6.04,9.93,85.3
17678925840,Austin Running,running,2024-12-03 07:33:11,2206.5,849.3939819335938,971.3099975585938,847.6479949951172,140.0,2.598000049591064,2.9110000133514404,173.0,197.0,3.0,0.5,,,,45.0,19.087936401367188,17.303558349609375,162.546875,,,,,Running,2024-12-03,1.37,14.16,5.81,10.33,62.6
17675320017,Austin Running,running,2024-12-02 18:46:24,1615.0899658203125,662.4089965820312,662.4089965820312,661.9390258789062,97.0,2.437999963760376,2.733999967575073,141.0,177.0,2.299999952316284,0.0,,,,,1.82171630859375,0.0,160.4375,,,,,Running,2024-12-02,1.0,11.04,5.45,11.01,6.0
17619987997,Austin Running,running,2024-11-25 10:02:15,2106.610107421875,811.1320190429688,895.43798828125,803.0,133.0,2.596999883651733,2.809000015258789,160.0,193.0,3.0,0.0,,,,45.0,0.0,3.296844482421875,161.203125,,,,,Running,2024-11-25,1.31,13.52,5.81,10.33,0.0
17566801822,Austin Running,running,2024-11-18 07:30:52,2802.840087890625,1133.27099609375,1142.613037109375,1129.2430114746094,182.0,2.4730000495910645,3.051000118255616,160.0,182.0,3.0999999046325684,0.0,,,,45.0,18.626693725585938,25.28305053710937,161.5,,,,,Running,2024-11-18,1.74,18.89,5.53,10.85,61.1
17546782508,Austin Running,running,2024-11-15 16:10:11,3225.8798828125,1118.81201171875,1118.81201171875,1117.9760131835938,196.0,2.882999897003174,3.190999984741211,171.0,197.0,3.5,0.0,,,,45.0,25.251495361328125,25.28208923339844,162.0,,,,,Running,2024-11-15,2.0,18.65,6.45,9.3,82.8
17498148537,Austin Running,running,2024-11-09 11:50:51,1618.31005859375,583.85498046875,584.697021484375,579.0,104.0,2.7720000743865967,2.986000061035156,165.0,188.0,2.900000095367432,0.0,,,,45.0,10.179580688476562,6.6387786865234375,160.421875,,,,,Running,2024-11-09,1.01,9.73,6.2,9.68,33.4
17419296157,Austin Running,running,2024-10-30 17:09:48,6444.97998046875,2348.116943359375,2638.7490234375,2322.0,410.0,2.744999885559082,3.434000015258789,180.0,196.0,4.699999809265137,0.2000000029802322,,,,45.0,19.2872314453125,25.098785400390625,162.421875,,,,,Running,2024-10-30,4.0,39.14,6.14,9.77,63.3
17406402334,Austin Running,running,2024-10-29 07:36:29,1615.52001953125,620.1389770507812,623.3300170898438,615.6449999809265,100.0,2.605000019073486,2.845999956130981,165.0,184.0,2.5,0.0,,,,46.0,7.017852783203125,6.428878784179688,162.984375,,,,,Running,2024-10-29,1.0,10.34,5.83,10.29,23.0
17402869349,Austin Running,running,2024-10-28 18:57:37,4027.570068359375,1525.0340576171875,1525.0340576171875,1524.3700256347656,254.0,2.6410000324249263,2.938999891281128,167.0,187.0,3.5,0.0,,,,46.0,10.232925415039062,10.240310668945312,162.953125,,,,,Running,2024-10-28,2.5,25.42,5.91,10.15,33.6
17343903509,Austin Running,running,2024-10-21 16:48:29,3226.360107421875,1182.48095703125,1319.5880126953125,1177.0,200.0,2.7279999256134038,3.38700008392334,174.0,192.0,3.299999952316284,0.3000000119209289,,,,46.0,8.174758911132812,9.15667724609375,162.5625,,,,,Running,2024-10-21,2.0,19.71,6.1,9.84,26.8
17304023191,Austin Running,running,2024-10-16 18:40:15,3224.449951171875,1267.1710205078125,1267.1710205078125,1257.9129999876022,205.0,2.5450000762939453,2.7809998989105225,164.0,182.0,3.0,0.0,,,,46.0,4.0,5.9554595947265625,160.21875,,,,,Running,2024-10-16,2.0,21.12,5.69,10.54,13.1
17202177238,Treadmill Running,treadmill_running,2024-10-04 10:33:24,3225.760009765625,1140.2130126953125,1140.2130126953125,1134.3060302734375,200.0,2.8289999961853027,3.0230000019073486,178.0,190.0,3.200000047683716,0.0,,,,,,,170.125,,,,,Running,2024-10-04,2.0,19.0,6.33,9.48,
17161868273,Kerrville Running,running,2024-09-29 10:28:04,10621.4599609375,3666.26806640625,3666.26806640625,3612.7350158691406,653.0,2.8970000743865967,3.2939999103546147,180.0,191.0,4.800000190734863,0.0,,,,46.0,19.55078125,18.150787353515625,166.765625,,,,,Running,2024-09-29,6.6,61.1,6.48,9.26,64.1
17161864697,Kerrville Cycling,cycling,2024-09-29 08:51:06,46428.08984375,5771.7548828125,5771.7548828125,5709.176025390625,903.0,8.043999671936035,12.68000030517578,173.0,187.0,4.599999904632568,1.7999999523162842,,,,,152.12484741210938,164.9892578125,,,,,,Cycling,2024-09-29,28.85,96.2,17.99,3.34,499.1
17161859971,Cardio,indoor_cardio,2024-09-29 08:25:21,0.0,1519.2120361328125,1519.2120361328125,0.0,184.0,0.0,,138.0,170.0,2.200000047683716,0.0,,,,,,,,,,,,Strength & Cardio,2024-09-29,0.0,25.32,0.0,,
17142749137,Cardio,indoor_cardio,2024-09-27 07:37:18,0.0,1723.22705078125,1723.22705078125,0.0,256.0,0.0,,156.0,180.0,2.900000095367432,0.0,,,,,,,,,,,,Strength & Cardio,2024-09-27,0.0,28.72,0.0,,
17126814659,Austin Running,running,2024-09-25 07:08:21,8856.6904296875,3138.93310546875,3201.030029296875,3110.5759887695312,528.0,2.822000026702881,3.563999891281128,168.0,188.0,4.199999809265137,0.0,,,,46.0,85.60627746582031,83.94755554199219,165.546875,,,,,Running,2024-09-25,5.5,52.32,6.31,9.51,280.9
17126405775,Austin Cycling,cycling,2024-09-25 05:45:37,29492.439453125,4766.84814453125,4766.84814453125,4570.0,521.0,6.186999797821045,9.508000373840332,146.0,177.0,3.0,0.4000000059604645,,,,,49.62898254394531,50.53375244140625,,,,,,Cycling,2024-09-25,18.33,79.45,13.84,4.34,162.8
17109136718,Austin Running,running,2024-09-23 06:40:00,5494.22998046875,2029.9630126953125,2041.0589599609373,2027.3070220947263,351.0,2.7070000171661377,2.8929998874664307,168.0,185.0,3.799999952316284,0.0,,,,46.0,14.110031127929688,16.565155029296875,168.078125,,,,,Running,2024-09-23,3.41,33.83,6.06,9.9,46.3
17108691901,Austin Cycling,cycling,2024-09-23 05:52:26,9014.3095703125,1424.60302734375,1440.6510009765625,1417.0,206.0,6.328000068664551,9.208999633789062,153.0,175.0,2.5999999046325684,0.2000000029802322,,,,,2.127593994140625,7.990447998046875,,,,,,Cycling,2024-09-23,5.6,23.74,14.16,4.24,7.0
17103563592,Austin Running,running,2024-09-22 11:18:58,2733.47998046875,1053.822021484375,1094.574951171875,1033.0,167.0,2.594000101089477,2.994999885559082,162.0,175.0,2.700000047683716,0.0,,,,45.0,1.4210968017578125,7.1379241943359375,162.09375,,,,,Running,2024-09-22,1.7,17.56,5.8,10.34,4.7
17096678971,Austin Cycling,cycling,2024-09-21 17:16:48,32212.5703125,4563.06103515625,4727.18994140625,4561.050048828125,738.0,7.059000015258789,20.22900009155273,175.0,193.0,4.699999809265137,1.7999999523162842,,,,,122.66023254394533,117.71278381347656,,,,,,Cycling,2024-09-21,20.02,76.05,15.79,3.8,402.4
17071726474,Carlsbad - Pace Training,running,2024-09-18 17:28:06,7877.240234375,3057.12890625,3066.799072265625,2989.061996459961,484.0,2.57699990272522,3.638999938964844,167.0,196.0,3.799999952316284,2.0999999046325684,,,,45.0,23.10582399368286,25.292720317840576,148.9375,,,,,Running,2024-09-18,4.89,50.95,5.76,10.42,75.8
17044238872,Carlsbad Running,running,2024-09-15 12:03:18,3225.110107421875,1110.3310546875,1110.3310546875,1109.5120122432709,194.0,2.9049999713897705,3.2939999103546147,170.0,191.0,3.200000047683716,0.0,,,,45.0,10.373095512390137,9.448164939880373,170.40625,,,,,Running,2024-09-15,2.0,18.51,6.5,9.23,34.0
17034504729,Carlsbad Running,running,2024-09-14 08:35:17,19318.75,6964.05615234375,7712.9677734375,6929.855980992317,1164.0,2.7739999294281006,3.134999990463257,173.0,190.0,5.0,0.699999988079071,,,,45.0,70.82626056671143,69.16682052612305,164.828125,,,,,Running,2024-09-14,12.0,116.07,6.21,9.66,232.4
17006733037,Austin Running,running,2024-09-11 06:57:58,8056.009765625,2817.089111328125,3026.760986328125,2799.0900268554688,490.0,2.859999895095825,3.115999937057495,179.0,196.0,4.5,0.4000000059604645,,,,45.0,13.599746704101562,20.04437255859375,165.84375,,,,,Running,2024-09-11,5.01,46.95,6.4,9.38,44.6
16998051429,Indoor Cycling,indoor_cycling,2024-09-10 08:09:01,0.0,1800.4549560546875,1800.4549560546875,0.0,248.0,0.0,,151.0,167.0,2.5999999046325684,0.0,,,,,,,,,,,,Cycling,2024-09-10,0.0,30.01,0.0,,
16993729203,Austin Running,running,2024-09-09 18:34:36,6444.06005859375,2377.261962890625,2502.511962890625,2360.23197221756,399.0,2.7109999656677246,3.003999948501587,173.0,185.0,3.799999952316284,0.0,,,,45.0,10.294021606445312,16.894027709960938,162.765625,,,,,Running,2024-09-09,4.0,39.62,6.06,9.9,33.8
16993518324,Austin Cycling,cycling,2024-09-09 17:27:54,17927.779296875,2683.821044921875,3536.242919921875,2625.0,396.0,6.679999828338623,13.651000022888184,167.0,189.0,3.5,2.700000047683716,,,,,93.51327514648438,106.66802978515624,,,,,,Cycling,2024-09-09,11.14,44.73,14.94,4.02,306.8
16966984397,Austin - Pace Training,running,2024-09-06 17:16:58,3863.590087890625,1501.22802734375,1679.0980224609375,1454.8720026016235,243.0,2.5739998817443848,3.630000114440918,175.0,200.0,3.299999952316284,2.400000095367432,,,,45.0,1.638580322265625,8.065017700195312,145.203125,,,,,Running,2024-09-06,2.4,25.02,5.76,10.42,5.4
16931617043,Austin Running,running,2024-09-02 08:57:09,11270.9501953125,4516.4521484375,4698.64306640625,4482.136999964714,727.0,2.496000051498413,2.818000078201294,171.0,193.0,4.400000095367432,0.0,,,,45.0,70.59683227539062,60.999542236328125,162.796875,,,,,Running,2024-09-02,7.0,75.27,5.58,10.75,231.6
16896978148,Austin Running,running,2024-08-29 17:21:34,4445.4599609375,1584.343994140625,1839.2550048828125,1558.9110107421875,272.0,2.8059999942779537,3.125999927520752,178.0,199.0,3.5999999046325684,0.4000000059604645,,,,45.0,5.23516845703125,12.043136596679688,161.359375,,,,,Running,2024-08-29,2.76,26.41,6.28,9.55,17.2
16879617621,Austin Cycling,cycling,2024-08-27 18:04:20,29218.859375,4393.1318359375,4620.5068359375,4283.954956054688,583.0,6.651000022888184,12.75500011444092,156.0,182.0,3.299999952316284,2.0,,,,,141.8015594482422,145.14193725585938,,,,,,Cycling,2024-08-27,18.16,73.22,14.88,4.03,465.2
16849838970,Austin Cycling,cycling,2024-08-24 08:18:08,46359.390625,7229.3349609375,8730.822265625,6828.427978515625,902.0,6.413000106811523,16.281999588012695,164.0,193.0,4.300000190734863,2.299999952316284,,,,,473.1595306396485,471.3595275878906,,,,,,Cycling,2024-08-24,28.81,120.49,14.35,4.18,1552.4
16847756717,Austin Running,running,2024-08-24 06:13:37,5389.72998046875,2010.759033203125,2495.823974609375,1999.0,324.0,2.680000066757202,3.003999948501587,167.0,193.0,3.5,0.0,,,,45.0,71.02056884765625,84.20018005371094,163.96875,,,,,Running,2024-08-24,3.35,33.51,5.99,10.02,233.0
16840698417,Austin Running,running,2024-08-23 09:46:28,2607.080078125,974.5079956054688,1128.094970703125,973.0,163.0,2.674999952316284,3.032000064849853,170.0,190.0,2.900000095367432,0.0,,,,45.0,4.598602294921875,10.398117065429688,163.109375,,,,,Running,2024-08-23,1.62,16.24,5.98,10.03,15.1
16831657201,Austin Running,running,2024-08-22 08:33:04,4837.3701171875,1839.6810302734373,1850.89501953125,1756.0,309.0,2.628999948501587,3.302999973297119,165.0,190.0,3.5999999046325684,0.0,,,,45.0,53.93321228027344,60.4166259765625,159.4375,,,,,Running,2024-08-22,3.01,30.66,5.88,10.2,176.9
16804212396,Cardio,indoor_cardio,2024-08-19 09:02:24,0.0,3397.85498046875,3397.85498046875,0.0,475.0,0.0,,166.0,198.0,3.700000047683716,1.0,,,,,,,,,,,,Strength & Cardio,2024-08-19,0.0,56.63,0.0,,
16789483491,Cardio,indoor_cardio,2024-08-17 10:01:39,0.0,3593.368896484375,3593.368896484375,0.0,470.0,0.0,,162.0,198.0,3.799999952316284,1.7999999523162842,,,,,,,,,,,,Strength & Cardio,2024-08-17,0.0,59.89,0.0,,
16773154458,Austin Cycling,cycling,2024-08-15 13:37:13,19448.33984375,2752.278076171875,2903.68994140625,2729.0,447.0,7.065999984741211,9.64799976348877,171.0,195.0,4.099999904632568,1.0,,,,,27.479812622070312,27.778839111328125,,,,,,Cycling,2024-08-15,12.08,45.87,15.81,3.8,90.2
16765023102,Austin Running,running,2024-08-14 17:07:32,4043.489990234375,1529.991943359375,1563.7559814453125,1512.9010009765625,255.0,2.6429998874664307,2.882999897003174,173.0,193.0,3.400000095367432,0.5,,,,45.0,12.939483642578123,13.566192626953123,160.890625,,,,,Running,2024-08-14,2.51,25.5,5.91,10.15,42.5
16756626761,Austin Cycling,cycling,2024-08-13 17:14:09,36303.44140625,5898.77978515625,8077.2998046875,5687.0,813.0,6.15399980545044,13.623000144958496,163.0,193.0,4.300000190734863,2.200000047683716,,,,,151.44610595703125,148.28472900390625,,,,,,Cycling,2024-08-13,22.56,98.31,13.77,4.36,496.9
16742311204,Austin Running,running,2024-08-12 06:38:40,6025.31982421875,2186.530029296875,2186.530029296875,2185.1119995117188,373.0,2.756000041961669,3.0230000019073486,176.0,186.0,4.099999904632568,0.0,,,,45.0,11.147079467773438,13.438766479492188,166.703125,,,,,Running,2024-08-12,3.74,36.44,6.17,9.72,36.6
16738641741,Austin Running,running,2024-08-11 11:26:50,4326.0400390625,1712.625,2144.446044921875,1705.0,279.0,2.526000022888183,2.865000009536743,172.0,190.0,3.5,0.0,,,,45.0,10.153594970703123,11.551101684570312,160.09375,,,,,Running,2024-08-11,2.69,28.54,5.65,10.62,33.3
16712983008,Austin Running,running,2024-08-08 19:08:18,6218.14990234375,2364.882080078125,2431.173095703125,2254.0,424.0,2.628999948501587,3.1719999313354497,190.0,204.0,4.800000190734863,1.2999999523162842,,,,45.0,18.106918334960938,18.297439575195312,154.296875,,,,,Running,2024-08-08,3.86,39.41,5.88,10.2,59.4
16694606810,Austin Cycling,cycling,2024-08-06 16:55:28,20114.55078125,3721.05908203125,3969.404052734375,3471.0,615.0,5.406000137329102,10.70199966430664,176.0,200.0,5.0,3.0,,,,,78.04930114746094,82.55479431152344,,,,,,Cycling,2024-08-06,12.5,62.02,12.09,4.96,256.1
16682241252,Austin Running,running,2024-08-05 06:40:24,6004.669921875,2574.81689453125,2624.18994140625,2564.6890258789062,424.0,2.3320000171661377,3.003999948501587,183.0,199.0,4.199999809265137,0.800000011920929,,,,45.0,28.11347961425781,27.0992431640625,153.328125,,,,,Running,2024-08-05,3.73,42.91,5.22,11.49,92.2
16672668514,Austin Running,running,2024-08-04 07:43:37,6445.85009765625,2555.4599609375,2678.886962890625,2450.8650000095367,437.0,2.5220000743865967,3.003999948501587,181.0,202.0,4.699999809265137,0.4000000059604645,,,,45.0,11.140625,11.97674560546875,157.515625,,,,,Running,2024-08-04,4.01,42.59,5.64,10.64,36.6
16655881565,Austin Running,running,2024-08-02 08:58:55,1113.3699951171875,432.8450012207031,1011.10302734375,432.8450012207031,66.0,2.572000026702881,2.818000078201294,149.0,180.0,2.400000095367432,0.0,,,,45.0,9.072662353515623,6.746185302734375,158.4375,,,,,Running,2024-08-02,0.69,7.21,5.75,10.43,29.8
16630693233,Austin Running,running,2024-07-30 10:48:20,1616.219970703125,578.5260009765625,578.5260009765625,578.0360107421875,98.0,2.7939999103546143,2.9760000705718994,175.0,196.0,2.799999952316284,0.0,,,,45.0,4.19232177734375,,164.421875,,,,,Running,2024-07-30,1.0,9.64,6.25,9.6,13.8
16596485649,San Diego County Running,running,2024-07-26 08:24:38,4830.64013671875,1768.9620361328125,1806.5159912109373,1761.1170043945312,321.0,2.7309999465942383,3.3499999046325684,189.0,206.0,4.5,2.299999952316284,,,,45.0,1.11920166015625,,162.875,,,,,Running,2024-07-26,3.0,29.48,6.11,9.82,3.7
16375518574,Austin Running,running,2024-07-12 10:53:01,1612.8800048828125,587.6389770507812,936.5590209960938,583.6320000290871,96.0,2.744999885559082,3.2939999103546147,157.0,190.0,2.799999952316284,0.0,,,,45.0,8.100051879882812,6.343231201171875,159.515625,,,,,Running,2024-07-12,1.0,9.79,6.14,9.77,26.6
16365573093,Austin Cycling,cycling,2024-07-11 17:55:43,18154.369140625,3998.52197265625,5764.5771484375,3443.0,657.0,4.539999961853027,10.78600025177002,179.0,207.0,5.0,3.5,,,,,108.20030212402344,108.66175842285156,,,,,,Cycling,2024-07-11,11.28,66.64,10.16,5.91,355.0
16365572985,Austin Cycling,cycling,2024-07-10 11:25:45,5388.85009765625,911.5880126953124,911.5880126953124,855.0,176.0,5.910999774932861,7.912000179290772,193.0,200.0,3.900000095367432,0.2000000029802322,,,,,7.9196624755859375,9.351272583007812,,,,,,Cycling,2024-07-10,3.35,15.19,13.22,4.54,26.0
16340455694,Austin Running,running,2024-07-10 08:55:53,848.0399780273438,326.260009765625,326.260009765625,326.0,52.0,2.5989999771118164,2.6410000324249263,163.0,183.0,2.0,0.0,,,,45.0,,10.173538208007812,163.609375,,,,,Running,2024-07-10,0.53,5.44,5.81,10.33,
16225674107,Austin Running,running,2024-07-03 11:13:53,2423.52001953125,878.0869750976562,975.8389892578124,878.0869750976562,152.0,2.759999990463257,3.181999921798706,177.0,200.0,3.299999952316284,1.7000000476837158,,,,45.0,10.400833129882812,12.817672729492188,159.234375,,,,,Running,2024-07-03,1.51,14.63,6.17,9.72,34.1
16189170407,Austin Running,running,2024-07-01 08:48:08,1617.8299560546875,628.8740234375,628.8740234375,628.0,106.0,2.572999954223633,2.753000020980835,174.0,196.0,2.700000047683716,0.0,,,,45.0,11.857894897460938,9.209091186523438,156.140625,,,,,Running,2024-07-01,1.01,10.48,5.76,10.42,38.9
16015550962,Austin Running,running,2024-06-20 17:55:21,740.8200073242188,284.5799865722656,284.5799865722656,284.5799865722656,47.0,2.6029999256134038,2.938999891281128,167.0,185.0,2.0999999046325684,0.0,,,,46.0,,,160.953125,,,,,Running,2024-06-20,0.46,4.74,5.82,10.31,
15913388384,Austin Running,running,2024-06-14 16:31:07,2412.9599609375,891.2100219726562,891.2100219726562,890.4860229492188,159.0,2.7079999446868896,2.994999885559082,184.0,204.0,3.299999952316284,1.2000000476837158,,,,46.0,,,163.796875,,,,,Running,2024-06-14,1.5,14.85,6.06,9.9,
15865669033,Austin Running,running,2024-06-11 18:48:19,1616.5899658203125,595.9730224609375,595.9730224609375,595.8719999790192,87.0,2.713000059127807,2.930000066757202,140.0,190.0,2.299999952316284,0.0,,,,,,,161.625,,,,,Running,2024-06-11,1.0,9.93,6.07,9.88,
15847328634,Austin Running,running,2024-06-10 17:15:27,1048.8199462890625,407.1069946289063,474.71099853515625,406.0,65.0,2.5759999752044678,2.845999956130981,167.0,192.0,2.5,0.6000000238418579,,,,,,,161.828125,,,,,Running,2024-06-10,0.65,6.79,5.76,10.42,
15827233558,Destin Running,running,2024-06-03 09:35:56,2419.550048828125,891.3109741210938,891.3109741210938,890.89697265625,161.0,2.7149999141693115,2.9579999446868896,186.0,204.0,3.299999952316284,0.0,,,,46.0,3.873505592346192,6.697157382965088,164.90625,,,,,Running,2024-06-03,1.5,14.86,6.07,9.88,12.7
15605565491,Austin Running,running,2024-05-27 08:21:30,1123.6700439453125,573.9860229492188,573.9860229492188,570.0,70.0,1.9579999446868896,2.4820001125335693,143.0,157.0,1.2999999523162842,0.0,,,,,,2.4101715087890625,148.359375,,,,,Running,2024-05-27,0.7,9.57,4.38,13.7,
15294807530,Running,running,2024-05-08 17:23:18,2555.320068359375,1234.990966796875,1234.990966796875,1221.0,209.0,2.069000005722046,2.7249999046325684,174.0,193.0,3.400000095367432,0.5,,,,,,,152.515625,,,,,Running,2024-05-08,1.59,20.58,4.63,12.96,
14945493257,Austin Running,running,2024-04-17 09:02:34,4253.97998046875,2320.22607421875,2320.22607421875,2159.0,294.0,1.8329999446868896,2.687000036239624,155.0,175.0,2.299999952316284,0.0,,,,46.0,31.537864685058597,32.537864685058594,144.421875,,,,,Running,2024-04-17,2.64,38.67,4.1,14.63,103.5
14920169141,Austin Running,running,2024-04-15 18:25:18,1723.4300537109375,657.3699951171875,675.719970703125,643.5730018615723,105.0,2.621999979019165,2.921000003814697,157.0,172.0,2.299999952316284,0.0,,,,46.0,,,162.5625,,,,,Running,2024-04-15,1.07,10.96,5.87,10.22,
14786537962,Austin Running,running,2024-04-07 10:51:00,9843.9296875,3615.18505859375,3615.18505859375,3597.1759719848637,635.0,2.7230000495910645,3.2939999103546147,178.0,188.0,4.300000190734863,0.1000000014901161,,,,46.0,104.83099365234376,105.54743957519533,162.734375,,,,,Running,2024-04-07,6.12,60.25,6.09,9.85,343.9
14786534221,Austin Cycling,cycling,2024-04-07 10:08:15,17514.41015625,2480.14697265625,2480.14697265625,2453.0,439.0,7.061999797821046,14.295000076293944,178.0,187.0,3.900000095367432,0.2000000029802322,,,,,156.4789581298828,145.4789581298828,,,,,,Cycling,2024-04-07,10.88,41.34,15.8,3.8,513.4
14786531412,Cardio,indoor_cardio,2024-04-07 09:03:47,0.0,1215.7010498046875,1215.7010498046875,0.0,179.0,0.0,,154.0,186.0,2.700000047683716,0.0,,,,,,,,,,,,Strength & Cardio,2024-04-07,0.0,20.26,0.0,,
14737900876,Austin - Easy Run,running,2024-04-04 16:29:38,7465.7998046875,2693.97705078125,3408.84912109375,2671.629987716675,468.0,2.7709999084472656,3.630000114440918,178.0,194.0,3.5999999046325684,0.0,,,,46.0,33.07218933105469,34.25233459472656,166.203125,,,,,Running,2024-04-04,4.64,44.9,6.2,9.68,108.5
14707592749,Austin - Easy Run,running,2024-04-02 18:13:26,5980.419921875,2403.4580078125,2470.886962890625,2369.35205078125,370.0,2.48799991607666,2.9019999504089355,160.0,184.0,3.299999952316284,0.0,,,,46.0,23.016525268554688,15.016525268554688,154.953125,,,,,Running,2024-04-02,3.72,40.06,5.57,10.77,75.5
14673059583,Austin Cycling,cycling,2024-03-31 13:01:03,25354.259765625,3601.008056640625,3601.008056640625,3594.896987915039,574.0,7.04099988937378,11.140999794006348,167.0,181.0,3.5999999046325684,1.2999999523162842,,,,,109.4396514892578,110.50103759765624,,,,,,Cycling,2024-03-31,15.75,60.02,15.75,3.81,359.1
14655348049,Austin - Easy Run,running,2024-03-30 11:21:56,7604.06005859375,2669.72705078125,2669.72705078125,2665.9580078125,474.0,2.8480000495910645,3.1719999313354497,176.0,187.0,4.0,0.0,,,,46.0,34.54945373535156,54.079681396484375,171.609375,,,,,Running,2024-03-30,4.72,44.5,6.37,9.42,113.4
14659683051,Cycling,cycling,2024-03-30 09:00:00,40233.6015625,7200.0,7200.0,,980.0,5.588000217013889,,,,,,,,,,,,,,,,,Cycling,2024-03-30,25.0,120.0,12.5,4.8,
14639422833,Cardio,indoor_cardio,2024-03-29 12:11:11,0.0,2271.324951171875,2271.324951171875,0.0,294.0,0.0,,147.0,165.0,2.400000095367432,0.0,,,,,,,,,,,,Strength & Cardio,2024-03-29,0.0,37.86,0.0,,
14637851015,Austin - Speed Repeats,running,2024-03-29 10:29:42,8868.2099609375,3245.011962890625,3402.72705078125,3215.7739868164062,547.0,2.7330000400543213,4.151999950408936,173.0,195.0,4.400000095367432,2.5,,,,46.0,30.568771362304688,33.86820983886719,157.53125,,,,,Running,2024-03-29,5.51,54.08,6.11,9.82,100.3
14625761240,Austin - Tempo Run,running,2024-03-28 14:48:15,4347.47021484375,1399.655029296875,1714.4320068359375,1395.6549987792969,264.0,3.1059999465942383,3.38700008392334,185.0,199.0,3.5,1.0,,,,46.0,1.3540496826171875,14.354049682617188,170.546875,,,,,Running,2024-03-28,2.7,23.33,6.95,8.63,4.4
14597384907,Easy Run,treadmill_running,2024-03-26 16:25:29,6782.25,2700.0,2736.43798828125,2699.079002380371,375.0,2.5120000839233394,3.414999961853028,152.0,174.0,3.200000047683716,0.0,,,,,,,155.859375,,,,,Running,2024-03-26,4.21,45.0,5.62,10.68,
14545167666,Gillespie County - Stride Repeats,running,2024-03-23 08:12:04,8170.6201171875,2690.155029296875,2715.219970703125,2664.5889892578125,503.0,3.0369999408721924,4.002999782562256,186.0,202.0,4.699999809265137,1.100000023841858,,,,46.0,47.3028564453125,53.942626953125,173.265625,,,,,Running,2024-03-23,5.08,44.84,6.79,8.84,155.2
14521799234,Austin - Speed Repeats,running,2024-03-21 15:44:08,9878.5302734375,3576.31591796875,3647.4599609375,3476.2680053710938,608.0,2.76200008392334,4.198999881744385,171.0,197.0,4.300000190734863,3.0999999046325684,,,,46.0,18.828353881835938,18.828353881835938,153.515625,,,,,Running,2024-03-21,6.14,59.61,6.18,9.71,61.8
14507642808,Austin - Easy Run,running,2024-03-20 18:05:17,8008.8798828125,2999.9990234375,3188.362060546875,2967.4879989624023,482.0,2.670000076293945,3.2939999103546147,166.0,190.0,3.799999952316284,0.0,,,,46.0,25.13092041015625,25.13092041015625,159.3125,,,,,Running,2024-03-20,4.98,50.0,5.97,10.05,82.5
14474403509,Austin - Long Easy Run,running,2024-03-18 16:55:45,14932.6103515625,5400.615234375,5847.6220703125,5378.903074502945,874.0,2.765000104904175,3.059999942779541,164.0,183.0,4.199999809265137,0.0,,,,46.0,19.82089233398437,24.12416076660156,169.671875,,,,,Running,2024-03-18,9.28,90.01,6.19,9.69,65.0
14473440233,Austin Cycling,cycling,2024-03-18 16:23:19,12917.3603515625,1804.177978515625,1868.198974609375,1794.0,279.0,7.159999847412109,9.031999588012695,162.0,186.0,3.0999999046325684,0.6000000238418579,,,,,15.965484619140623,16.130386352539062,,,,,,Cycling,2024-03-18,8.03,30.07,16.02,3.75,52.4
14454380750,Austin Running,running,2024-03-17 10:40:37,3219.889892578125,1166.0830078125,1185.342041015625,1159.9860229492188,195.0,2.760999917984009,3.378000020980835,169.0,180.0,3.0,0.0,,,,45.0,0.38446044921875,,167.359375,,,,,Running,2024-03-17,2.0,19.43,6.18,9.71,1.3
14454368962,Austin - Speed Repeats,running,2024-03-17 10:15:06,3420.8701171875,1236.7440185546875,1236.7440185546875,1229.6500244140625,209.0,2.7660000324249268,3.759999990463257,161.0,192.0,3.0999999046325684,2.0,,,,45.0,3.089752197265625,2.7584228515625,167.65625,,,,,Running,2024-03-17,2.13,20.61,6.19,9.69,10.1
14412443077,Austin - Progression Run,running,2024-03-14 18:04:29,8667.08984375,3000.0,3000.0,2996.0479736328125,521.0,2.888999938964844,12.970000267028809,175.0,195.0,4.300000190734863,0.1000000014901161,,,,45.0,1.7550811767578125,1.7550811767578125,168.34375,,,,,Running,2024-03-14,5.39,50.0,6.46,9.29,5.8
14374004116,Austin Running,running,2024-03-12 11:33:58,4795.7001953125,1592.258056640625,1592.258056640625,1590.9559936523438,280.0,3.01200008392334,3.3399999141693115,175.0,188.0,3.5,1.0,,,,45.0,11.241134643554688,12.241134643554688,168.640625,,,,,Running,2024-03-12,2.98,26.54,6.74,8.9,36.9
14373499669,Austin Cycling,cycling,2024-03-12 10:31:09,17731.810546875,2850.93603515625,3565.821044921875,2724.757000029087,372.0,6.21999979019165,9.835000038146973,154.0,193.0,3.0999999046325684,1.7000000476837158,,,,,88.44168090820312,88.6549072265625,,,,,,Cycling,2024-03-12,11.02,47.52,13.91,4.31,290.2
14362836469,Austin - Easy Run,running,2024-03-11 16:25:30,5356.16015625,1801.7650146484373,1801.7650146484373,1800.5629736185074,328.0,2.9730000495910645,3.266000032424927,178.0,196.0,3.900000095367432,0.1000000014901161,,,,45.0,10.724639892578123,10.945175170898438,165.75,,,,,Running,2024-03-11,3.33,30.03,6.65,9.02,35.2
14348417515,Austin Cycling,cycling,2024-03-10 14:46:35,51531.71875,7287.87890625,7685.02685546875,7278.0,969.0,7.07100009918213,14.322999954223633,169.0,196.0,4.5,2.0,,,,,301.8500747680664,301.0261306762696,,,,,,Cycling,2024-03-10,32.02,121.46,15.82,3.79,990.3
14332772700,Austin - Long Easy Run,running,2024-03-09 16:44:19,13375.169921875,4795.93896484375,4795.93896484375,4792.801025390625,804.0,2.7890000343322754,2.994999885559082,173.0,187.0,4.699999809265137,0.1000000014901161,,,,45.0,9.373321533203123,9.2650146484375,170.5,,,,,Running,2024-03-09,8.31,79.93,6.24,9.62,30.8
14313500046,Austin - Stride Repeats,running,2024-03-08 10:56:51,6415.47021484375,2231.616943359375,2231.616943359375,2229.854034423828,395.0,2.875,3.4800000190734863,181.0,197.0,4.099999904632568,1.600000023841858,,,,45.0,28.760955810546875,26.770767211914062,166.65625,,,,,Running,2024-03-08,3.99,37.19,6.43,9.33,94.4
14263324360,Austin - Progression Run,running,2024-03-05 06:54:17,5971.7900390625,2382.944091796875,2574.712890625,2363.8140258789062,363.0,2.50600004196167,3.275000095367432,160.0,187.0,3.400000095367432,0.0,,,,45.0,25.239990234375,25.239990234375,157.984375,,,,,Running,2024-03-05,3.71,39.72,5.61,10.7,82.8
14255931121,Austin - Easy Run,running,2024-03-04 17:32:46,6641.919921875,2608.4619140625,2676.326904296875,2554.9219970703125,410.0,2.5460000038146973,2.938999891281128,167.0,191.0,3.700000047683716,0.0,,,,45.0,13.0,13.0,157.296875,,,,,Running,2024-03-04,4.13,43.47,5.7,10.53,42.7
14240511844,Austin - Goal Pace Repeats,running,2024-03-03 16:42:19,8153.72998046875,3150.0,3223.5400390625,3103.0,506.0,2.588000059127808,4.124000072479248,174.0,194.0,4.099999904632568,1.7000000476837158,,,,45.0,27.020095825195312,33.62010192871094,149.0625,,,,,Running,2024-03-03,5.07,52.5,5.79,10.36,88.6
14240061805,Austin Cycling,cycling,2024-03-03 15:55:05,16114.2900390625,2244.801025390625,2390.282958984375,2237.901999950409,366.0,7.17799997329712,11.253000259399414,172.0,190.0,3.700000047683716,1.7000000476837158,,,,,45.66224670410156,47.44004821777344,,,,,,Cycling,2024-03-03,10.01,37.41,16.06,3.74,149.8
14222792084,Austin Cycling,cycling,2024-03-02 14:46:07,41090.75,6926.4091796875,7645.93994140625,6272.626998901367,978.0,5.932000160217285,12.904000282287598,171.0,196.0,4.699999809265137,2.5999999046325684,,,,,204.4633331298828,217.55323791503903,,,,,,Cycling,2024-03-02,25.53,115.44,13.27,4.52,670.8
14205074848,Austin - Easy Run,running,2024-03-01 12:04:26,6945.08984375,2700.0,2795.43798828125,2616.763977050781,429.0,2.572000026702881,3.0230000019073486,168.0,193.0,4.0,0.0,,,,45.0,16.243576049804688,16.243576049804688,150.5,,,,,Running,2024-03-01,4.32,45.0,5.75,10.43,53.3
14180245308,Austin - Easy Run,running,2024-02-28 18:30:57,4736.4501953125,1782.1510009765625,1782.1510009765625,1775.225999832153,274.0,2.657999992370605,2.994999885559082,150.0,185.0,3.200000047683716,0.0,,,,44.0,0.540374755859375,1.0,161.640625,,,,,Running,2024-02-28,2.94,29.7,5.95,10.08,1.8
14164871201,Austin - Speed Repeats,running,2024-02-27 18:16:09,6325.830078125,2805.931884765625,2805.931884765625,2661.932006835937,411.0,2.253999948501587,15.564000129699709,167.0,206.0,3.900000095367432,2.700000047683716,,,,44.0,0.5521697998046875,0.5521697998046875,131.640625,,,,,Running,2024-02-27,3.93,46.77,5.04,11.9,1.8
14133806146,Murray - Long Easy Run,running,2024-02-25 15:47:00,10739.5498046875,4200.796875,4204.43603515625,4182.934997558594,692.0,2.556999921798706,2.845999956130981,177.0,191.0,4.699999809265137,0.0,,,,45.0,32.9320068359375,30.5941162109375,161.640625,,,,,Running,2024-02-25,6.67,70.01,5.72,10.49,108.0
14058410217,Pool Workout (2),lap_swimming,2024-02-20 17:06:40,1554.47998046875,2192.193115234375,2197.89794921875,1935.5579833984373,282.0,0.8029999732971191,0.930999994277954,145.0,161.0,2.299999952316284,0.0,,,,,,,,,,,,Swimming,2024-02-20,0.97,36.54,1.8,33.33,
14057904357,Austin - Easy Run,running,2024-02-20 16:13:49,6019.39013671875,2400.0,2479.508056640625,2265.791976928711,366.0,2.507999897003174,3.1540000438690186,169.0,189.0,3.700000047683716,0.1000000014901161,,,,44.0,26.485748291015625,27.684127807617188,150.125,,,,,Running,2024-02-20,3.74,40.0,5.61,10.7,86.9
14041845332,Benchmark Run,treadmill_running,2024-02-19 16:57:32,1265.8800048828125,540.0,540.0,540.0,72.0,2.344000101089477,3.200000047683716,152.0,182.0,2.0,0.0,,,,,,,148.28125,,,,,Running,2024-02-19,0.79,9.0,5.24,11.45,
14026748389,Austin Running,running,2024-02-18 15:14:38,1613.5999755859375,581.0750122070312,678.9329833984375,573.0,94.0,2.776999950408935,2.9670000076293945,162.0,179.0,2.400000095367432,0.0,,,,44.0,6.305343627929688,6.335235595703125,167.46875,,,,,Running,2024-02-18,1.0,9.68,6.21,9.66,20.7
14026747597,Austin Running,running,2024-02-18 14:33:43,4818.68994140625,1697.9119873046875,1710.2049560546875,1696.6220092773438,290.0,2.838000059127808,3.1070001125335693,173.0,187.0,3.5999999046325684,0.0,,,,44.0,7.330535888671875,9.330535888671877,169.03125,,,,,Running,2024-02-18,2.99,28.3,6.35,9.45,24.1
14026104652,Austin Cycling,cycling,2024-02-18 12:57:35,32200.5390625,4823.01904296875,5381.7900390625,4790.0,669.0,6.676000118255616,10.553000450134276,165.0,190.0,4.099999904632568,1.399999976158142,,,,,134.0839080810547,134.14796447753906,,,,,,Cycling,2024-02-18,20.01,80.38,14.93,4.02,439.9
13995846798,Austin Running,running,2024-02-16 17:51:32,3238.010009765625,1240.012939453125,1240.012939453125,1239.4709935188291,203.0,2.611000061035156,3.181999921798706,173.0,190.0,3.200000047683716,0.0,,,,44.0,0.7873382568359375,,165.703125,,,,,Running,2024-02-16,2.01,20.67,5.84,10.27,2.6
13995845793,Austin - Pace Training,running,2024-02-16 17:15:01,4034.18994140625,1462.97998046875,1462.97998046875,1365.5970096588137,248.0,2.757999897003174,3.45199990272522,180.0,197.0,3.5999999046325684,2.0,,,,43.0,0.3839874267578125,,151.28125,,,,,Running,2024-02-16,2.51,24.38,6.17,9.72,1.3
13951618455,Austin Running,running,2024-02-13 15:25:00,16101.759765625,6277.6279296875,6354.365234375,6269.500915527344,978.0,2.565000057220459,2.865000009536743,170.0,185.0,5.0,0.0,,,,43.0,33.98594665527344,33.98594665527344,166.546875,,,,,Running,2024-02-13,10.01,104.63,5.74,10.45,111.5
13920663503,Pool Workout,lap_swimming,2024-02-11 14:14:16,1463.0400390625,2132.052001953125,2141.626953125,1816.029052734375,266.0,0.8059999942779541,1.2400000095367432,144.0,181.0,2.700000047683716,0.0,,,,,,,,,,,,Swimming,2024-02-11,0.91,35.53,1.8,33.33,
13920169002,Austin Running,running,2024-02-11 12:53:32,9240.349609375,3600.4990234375,3802.73193359375,3576.386962890625,560.0,2.565999984741211,2.9110000133514404,167.0,186.0,4.199999809265137,0.0,,,,43.0,70.66287231445312,66.02569580078125,162.0,,,,,Running,2024-02-11,5.74,60.01,5.74,10.45,231.8
13891977667,Austin Running,running,2024-02-09 17:34:57,12881.1201171875,5370.78515625,5370.78515625,5368.8740234375,798.0,2.3980000019073486,2.809000015258789,167.0,183.0,4.400000095367432,0.0,,,,43.0,15.094894409179688,15.774169921875,162.96875,,,,,Running,2024-02-09,8.0,89.51,5.36,11.19,49.5
13863408325,Austin - Pace Training,running,2024-02-07 16:09:35,7776.47998046875,3186.18310546875,3186.18310546875,3060.5910034179688,466.0,2.440999984741211,3.563999891281128,167.0,199.0,4.0,3.0999999046325684,,,,42.0,31.268966674804688,31.36738586425781,138.109375,,,,,Running,2024-02-07,4.83,53.1,5.46,10.99,102.6
13848426176,Austin Running,running,2024-02-06 16:46:46,6446.66015625,2275.530029296875,2275.530029296875,2274.0469970703125,392.0,2.8329999446868896,3.23799991607666,186.0,197.0,4.800000190734863,1.0,,,,42.0,18.42567443847656,17.566787719726562,162.96875,,,,,Running,2024-02-06,4.01,37.93,6.34,9.46,60.5
13800710096,Pool Swimming,lap_swimming,2024-02-03 13:10:22,1257.300048828125,2386.278076171875,2391.19091796875,1535.862060546875,237.0,0.8190000057220459,1.8020000457763676,143.0,191.0,2.900000095367432,0.0,,,,,,,,,,,,Swimming,2024-02-03,0.78,39.77,1.83,32.79,
13800030004,Austin Running,running,2024-02-03 12:15:53,4835.22021484375,1634.2159423828125,1771.47802734375,1631.8670151233673,290.0,2.9590001106262207,3.2839999198913574,189.0,203.0,4.599999904632568,2.5999999046325684,,,,42.0,16.936477661132812,11.505203247070312,164.625,,,,,Running,2024-02-03,3.0,27.24,6.62,9.06,55.6
13741037950,Pool Swimming,lap_swimming,2024-01-30 14:16:12,1463.0400390625,2125.2939453125,2143.376953125,2081.4189453125,256.0,0.703000009059906,0.975000023841858,140.0,172.0,2.400000095367432,0.0,,,,,,,,,,,,Swimming,2024-01-30,0.91,35.42,1.57,38.22,
13725293132,Austin Running,running,2024-01-29 14:57:31,3229.300048828125,1125.2850341796875,1125.2850341796875,1119.6709847450256,193.0,2.8699998855590816,3.219000101089477,182.0,198.0,3.5,0.3000000119209289,,,,42.0,3.323455810546875,3.323455810546875,162.578125,,,,,Running,2024-01-29,2.01,18.75,6.42,9.35,10.9
13694938143,Austin - HR 1 hr,running,2024-01-27 15:20:38,8532.169921875,3658.760009765625,3658.760009765625,3657.626007080078,544.0,2.3320000171661377,2.947999954223633,173.0,192.0,4.199999809265137,0.0,,,,42.0,3.3015594482421875,3.3015594482421875,151.75,,,,,Running,2024-01-27,5.3,60.98,5.22,11.49,10.8
13665779269,Pool Swimming,lap_swimming,2024-01-25 16:04:49,1280.1600341796875,1927.218017578125,1938.4599609375,1594.656005859375,231.0,0.8029999732971191,1.0850000381469729,133.0,156.0,2.0,0.0,,,,,,,,,,,,Swimming,2024-01-25,0.8,32.12,1.8,33.33,
13608794021,Austin - Pace Training,running,2024-01-21 17:24:11,8647.330078125,3210.010009765625,4174.626953125,3145.8419189453125,511.0,2.694000005722046,3.378000020980835,171.0,196.0,4.5,1.7000000476837158,,,,42.0,7.71044921875,7.71044921875,153.328125,,,,,Running,2024-01-21,5.37,53.5,6.03,9.95,25.3
13578602200,Austin Cycling,cycling,2024-01-19 16:32:52,18691.4296875,3200.0810546875,3870.819091796875,3068.0,454.0,5.841000080108643,8.463000297546387,167.0,188.0,3.799999952316284,1.100000023841858,,,,,38.399169921875,33.12312316894531,,,,,,Cycling,2024-01-19,11.61,53.33,13.07,4.59,126.0
13566446485,Pool Swimming,lap_swimming,2024-01-18 18:50:48,914.4000244140624,1778.946044921875,1998.4520263671875,1149.136962890625,182.0,0.7960000038146973,1.5970000028610232,117.0,141.0,0.699999988079071,0.0,,,,,,,,,,,,Swimming,2024-01-18,0.57,29.65,1.78,33.71,
13537425556,Pool Swimming,lap_swimming,2024-01-16 16:59:24,731.52001953125,872.3809814453125,1102.3509521484375,872.3809814453125,128.0,0.8389999866485596,0.959999978542328,123.0,142.0,0.800000011920929,0.0,,,,,,,,,,,,Swimming,2024-01-16,0.45,14.54,1.88,31.91,
13506252266,Run Walk Run®,treadmill_running,2024-01-14 11:24:48,7182.5,2843.7470703125,2874.965087890625,2722.6129760742188,383.0,2.526000022888183,3.2939999103546147,162.0,196.0,4.0,0.2000000029802322,,,,,,,157.234375,,,,,Running,2024-01-14,4.46,47.4,5.65,10.62,
13493149583,Austin Cycling,cycling,2024-01-13 15:24:48,30706.98046875,4886.07177734375,5168.65283203125,4802.0,638.0,6.284999847412109,9.572999954223633,164.0,191.0,4.099999904632568,2.0999999046325684,,,,,125.443359375,119.2611083984375,,,,,,Cycling,2024-01-13,19.08,81.43,14.06,4.27,411.6
13437924171,Drill Workout,running,2024-01-09 16:57:49,2829.5,1163.031982421875,1163.031982421875,1138.8919999599457,131.0,2.433000087738037,3.134999990463257,144.0,172.0,2.200000047683716,0.0,,,,,0.0,0.0,148.65625,,,,,Running,2024-01-09,1.76,19.38,5.44,11.03,0.0
13406422922,Austin Cycling,cycling,2024-01-07 14:51:20,21916.9296875,3810.280029296875,4501.15380859375,3625.0,447.0,5.751999855041504,9.02299976348877,153.0,191.0,3.400000095367432,1.100000023841858,,,,,95.7950439453125,96.45401000976562,,,,,,Cycling,2024-01-07,13.62,63.5,12.87,4.66,314.3
13385541225,Austin Running,running,2024-01-06 07:03:56,11276.0703125,4149.52294921875,4149.52294921875,4089.797029733658,663.0,2.7170000076293945,3.443000078201294,151.0,169.0,5.0,0.0,,,,,33.56243896484375,35.115264892578125,164.234375,,,,,Running,2024-01-06,7.01,69.16,6.08,9.87,110.1
13377183043,Pool Swimming,lap_swimming,2024-01-05 16:15:35,1371.5999755859375,2421.1298828125,2524.22802734375,2044.5689697265625,294.0,0.6710000038146972,2.5759999752044678,137.0,165.0,2.299999952316284,0.0,,,,,,,,,,,,Swimming,2024-01-05,0.85,40.35,1.5,40.0,
13376608140,Austin - Drill Workout,running,2024-01-05 15:34:36,3530.669921875,1601.6290283203125,1602.8160400390625,1297.0,234.0,2.2039999961853027,3.461999893188477,165.0,193.0,3.5999999046325684,1.2999999523162842,,,,42.0,16.937057495117188,18.02626037597656,124.859375,,,,,Running,2024-01-05,2.19,26.69,4.93,12.17,55.6
13349709143,Austin Running,running,2024-01-03 17:08:31,8054.31005859375,3009.912109375,3009.912109375,3009.010030269623,490.0,2.6760001182556152,3.1630001068115234,181.0,193.0,5.0,0.3000000119209289,,,,42.0,1.385467529296875,1.639068603515625,162.171875,,,,,Running,2024-01-03,5.0,50.17,5.99,10.02,4.5
13334720324,Drill Workout,treadmill_running,2024-01-02 17:05:06,3404.159912109375,1576.0899658203125,1576.0899658203125,1553.6409997940063,193.0,2.1600000858306885,3.078999996185303,154.0,190.0,3.200000047683716,0.0,,,,,,,142.625,,,,,Running,2024-01-02,2.12,26.27,4.83,12.42,
13305392751,Austin - Magic Mile,running,2023-12-31 11:06:38,3810.97998046875,1616.2559814453125,1616.2559814453125,1594.6310048103333,230.0,2.3580000400543213,3.368000030517578,164.0,206.0,3.799999952316284,2.299999952316284,,,,41.0,10.1494140625,9.215316772460938,136.5625,,,,,Running,2023-12-31,2.37,26.94,5.27,11.39,33.3
13280264699,Pool Swimming,lap_swimming,2023-12-29 16:35:35,1005.8400268554688,1588.865966796875,1765.4219970703125,1455.116943359375,199.0,0.6909999847412109,1.6330000162124636,117.0,143.0,0.800000011920929,0.0,,,,,,,,,,,,Swimming,2023-12-29,0.63,26.48,1.55,38.71,
13279573745,Austin Cycling,cycling,2023-12-29 15:05:19,7459.2900390625,1430.375,1686.532958984375,1339.0,173.0,5.215000152587891,8.062000274658203,147.0,188.0,3.0999999046325684,0.800000011920929,,,,,40.54627227783203,46.67144012451172,,,,,,Cycling,2023-12-29,4.63,23.84,11.67,5.14,133.0
13267628289,Drill Workout,treadmill_running,2023-12-28 17:02:34,3211.56005859375,1543.157958984375,1543.157958984375,1540.0,190.0,2.0810000896453857,3.125999927520752,155.0,191.0,3.200000047683716,0.0,,,,,,,138.0,,,,,Running,2023-12-28,2.0,25.72,4.66,12.88,
13254379685,Pool Swimming,lap_swimming,2023-12-27 16:54:28,937.260009765625,1375.738037109375,1388.5269775390625,1222.427001953125,182.0,0.7670000195503235,1.8020000457763676,149.0,165.0,2.5,0.0,,,,,,,,,,,,Swimming,2023-12-27,0.58,22.93,1.72,34.88,
13254125679,Austin Running,running,2023-12-27 16:20:21,3225.080078125,1065.3919677734375,1321.81103515625,1065.0850019454956,170.0,3.0269999504089355,3.312000036239624,160.0,199.0,3.5999999046325684,2.5,,,,41.0,16.78741455078125,11.967437744140623,165.03125,,,,,Running,2023-12-27,2.0,17.76,6.77,8.86,55.1
13217449356,Pool Swimming,lap_swimming,2023-12-24 13:40:09,617.219970703125,918.2329711914062,926.2119750976562,822.1710205078125,121.0,0.7509999871253967,1.7929999828338623,127.0,162.0,1.399999976158142,0.0,,,,,,,,,,,,Swimming,2023-12-24,0.38,15.3,1.68,35.71,
13217448896,Pool Swimming,lap_swimming,2023-12-24 13:27:46,320.0400085449219,424.2170104980469,603.2960205078125,419.8880004882813,56.0,0.7620000243186951,0.8960000276565552,147.0,168.0,2.0,0.0,,,,,,,,,,,,Swimming,2023-12-24,0.2,7.07,1.7,35.29,
13217146320,Austin - Run Walk Run®,running,2023-12-24 12:49:53,2778.580078125,1122.3780517578125,1124.800048828125,1065.3779907226562,176.0,2.4760000705718994,3.378000020980835,174.0,206.0,3.700000047683716,2.5,,,,41.0,18.379409790039062,12.84515380859375,136.515625,,,,,Running,2023-12-24,1.73,18.71,5.54,10.83,60.3
13194596555,Pool Swimming,lap_swimming,2023-12-22 15:12:15,548.6400146484375,1234.1619873046875,1422.5810546875,792.9760131835938,100.0,0.6919999718666077,0.822000026702881,119.0,148.0,0.8999999761581421,0.0,,,,,,,,,,,,Swimming,2023-12-22,0.34,20.57,1.55,38.71,
13184541346,Drill Workout,treadmill_running,2023-12-21 15:43:36,2223.27001953125,1508.04296875,1508.04296875,1178.6959999799728,187.0,1.4739999771118164,3.331000089645386,151.0,188.0,3.0999999046325684,0.2000000029802322,,,,,,,106.53125,,,,,Running,2023-12-21,1.38,25.13,3.3,18.18,
13151144900,Benchmark Run,treadmill_running,2023-12-18 18:38:00,1151.300048828125,540.7730102539062,543.1849975585938,540.7730000019073,65.0,2.128999948501587,2.882999897003174,146.0,179.0,2.0999999046325684,0.0,,,,,,,142.90625,,,,,Running,2023-12-18,0.72,9.01,4.76,12.61,
13126315190,Austin Running,running,2023-12-16 16:37:42,3220.6201171875,1171.0980224609375,1409.633056640625,1169.0,187.0,2.75,2.9579999446868896,174.0,194.0,3.700000047683716,0.800000011920929,,,,41.0,0.2568359375,,163.828125,,,,,Running,2023-12-16,2.0,19.52,6.15,9.76,0.8
13080186017,Austin - Goal Pace Repeats,running,2023-12-12 17:00:17,6413.330078125,2869.966064453125,2983.287109375,2755.3989473581314,390.0,2.234999895095825,3.2100000381469727,164.0,205.0,4.400000095367432,2.900000095367432,,,,41.0,13.363967895507812,13.654617309570312,135.90625,,,,,Running,2023-12-12,3.99,47.83,5.0,12.0,43.8
13067408611,Austin - Benchmark Run,running,2023-12-11 16:58:44,1166.2900390625,540.0,580.8159790039062,537.0,70.0,2.1600000858306885,2.799000024795532,155.0,188.0,2.299999952316284,0.1000000014901161,,,,40.0,,,136.9375,,,,,Running,2023-12-11,0.72,9.0,4.83,12.42,
12783021600,Austin - Benchmark Run,running,2023-11-18 11:58:18,1215.1800537109375,540.0,540.0,526.0,69.0,2.25,2.9579999446868896,151.0,186.0,2.5,0.0,,,,40.0,,,140.84375,,,,,Running,2023-11-18,0.76,9.0,5.03,11.93,
12427441615,Honolulu Running,running,2023-10-12 06:23:13,3090.639892578125,1306.89599609375,1306.89599609375,1305.3190002441406,187.0,2.365000009536743,3.219000101089477,171.0,202.0,3.700000047683716,2.700000047683716,,,,40.0,22.279187977313995,11.57507711648941,138.875,,,,,Running,2023-10-12,1.92,21.78,5.29,11.34,73.1
12235366200,Austin Running,running,2023-10-08 18:10:11,2943.0,1242.323974609375,1242.323974609375,1242.0110149383545,174.0,2.36899995803833,2.9760000705718994,161.0,192.0,3.5999999046325684,0.8999999761581421,,,,39.0,22.927886962890625,21.9510498046875,147.1875,,,,,Running,2023-10-08,1.83,20.71,5.3,11.32,75.2
12176590783,Austin Abs,other,2023-10-04 17:30:58,16.579999923706055,578.7940063476562,578.7940063476562,14.0,44.0,0.0289999991655349,3.051000118255616,118.0,142.0,0.6000000238418579,0.0,,,,,,,0.0,,,,,Other,2023-10-04,0.01,9.65,0.06,1000.0,
12157624649,Abs,other,2023-10-02 16:53:13,0.0,701.968017578125,701.968017578125,0.0,40.0,0.0,,106.0,124.0,0.3000000119209289,0.0,,,,,,,0.0,,,,,Other,2023-10-02,0.0,11.7,0.0,,
12157567295,HIIT,other,2023-10-02 16:34:11,0.0,1062.9959716796875,1062.9959716796875,0.0,33.0,0.0,,84.0,118.0,0.1000000014901161,0.0,,,,,,,28.5625,,,,,Other,2023-10-02,0.0,17.72,0.0,,
12140721761,Austin Abs,other,2023-09-30 10:22:05,256.5899963378906,707.322998046875,707.322998046875,191.0,53.0,0.3630000054836273,3.2839999198913574,119.0,129.0,0.5,0.0,,,,,36.79283142089844,37.0,30.140625,,,,,Other,2023-09-30,0.16,11.79,0.81,74.07,120.7
12118332834,Austin Abs,other,2023-09-27 09:40:42,1448.989990234375,881.8250122070312,881.8250122070312,470.8250000476837,66.0,1.6430000066757202,17.45800018310547,119.0,129.0,0.699999988079071,0.0,,,,,131.1208038330078,131.1208038330078,11.4375,,,,,Other,2023-09-27,0.9,14.7,3.68,16.3,430.2
12114312712,Austin Running,running,2023-09-26 18:41:42,2964.27001953125,1207.7679443359375,1207.7679443359375,1207.2430143356323,174.0,2.4539999961853027,3.115999937057495,168.0,199.0,3.700000047683716,2.799999952316284,,,,39.0,3.925857543945313,3.7900390625,144.5,,,,,Running,2023-09-26,1.84,20.13,5.49,10.93,12.9
12113543971,Abs,other,2023-09-26 16:11:25,0.0,962.5260009765624,962.5260009765624,0.0,69.0,0.0,,117.0,145.0,0.8999999761581421,0.0,,,,,,,9.640625,,,,,Other,2023-09-26,0.0,16.04,0.0,,
12113409097,HIIT,other,2023-09-26 15:43:52,0.0,1062.8990478515625,1062.8990478515625,0.0,76.0,0.0,,117.0,135.0,0.800000011920929,0.0,,,,,,,39.078125,,,,,Other,2023-09-26,0.0,17.71,0.0,,
12090820111,Austin Abs,other,2023-09-23 16:26:01,307.2699890136719,717.7730102539062,717.7730102539062,288.7729997634888,48.0,0.4280000030994416,4.675000190734863,114.0,128.0,0.6000000238418579,0.0,,,,,139.84998321533203,139.8955307006836,62.890625,,,,,Other,2023-09-23,0.19,11.96,0.96,62.5,458.8
12090820043,Treadmill Running,treadmill_running,2023-09-23 15:48:13,1334.2900390625,816.198974609375,829.4860229492188,547.0,105.0,1.6349999904632568,3.3959999084472656,156.0,182.0,2.799999952316284,0.0,,,,,,,116.328125,,,,,Running,2023-09-23,0.83,13.6,3.66,16.39,
12073983972,Austin Abs,other,2023-09-21 08:51:21,56.959999084472656,527.0029907226562,527.0029907226562,53.0,38.0,0.1080000028014183,1.6699999570846558,117.0,127.0,0.4000000059604645,0.0,,,,,,10.800003051757812,24.046875,,,,,Other,2023-09-21,0.04,8.78,0.24,250.0,
12073983921,Run,treadmill_running,2023-09-21 08:01:40,2011.31005859375,871.5609741210938,871.5609741210938,863.0,114.0,2.308000087738037,2.9760000705718994,163.0,187.0,3.0,0.0,,,,,,,148.0,,,,,Running,2023-09-21,1.25,14.53,5.16,11.63,
12062587087,Austin Abs,other,2023-09-19 17:56:26,531.7000122070312,878.7860107421875,878.7860107421875,313.78600025177,61.0,0.6050000190734863,5.085000038146973,116.0,132.0,0.6000000238418579,0.0,,,,,98.50767517089844,97.87376403808594,17.03125,,,,,Other,2023-09-19,0.33,14.65,1.35,44.44,323.2
12062587050,Treadmill Running,treadmill_running,2023-09-19 17:03:32,1758.530029296875,1048.2249755859375,1069.6419677734375,806.0,129.0,1.6779999732971191,3.38700008392334,156.0,195.0,3.0999999046325684,0.8999999761581421,,,,,,,117.703125,,,,,Running,2023-09-19,1.09,17.47,3.75,16.0,
12055256882,Austin HIIT,other,2023-09-18 15:46:59,568.9600219726562,1069.4639892578125,1069.4639892578125,847.0,107.0,0.5320000052452087,3.956000089645386,135.0,156.0,2.0,0.0,,,,,0.509979248046875,,30.40625,,,,,Other,2023-09-18,0.35,17.82,1.19,50.42,1.7
12017706581,Austin Abs,other,2023-09-13 04:21:52,370.0299987792969,801.958984375,801.958984375,319.0,59.0,0.460999995470047,6.998000144958496,118.0,135.0,0.699999988079071,0.0,,,,,36.59642791748047,36.28101348876953,14.890625,,,,,Other,2023-09-13,0.23,13.37,1.03,58.25,120.1
11992877959,Austin Running,running,2023-09-10 10:53:18,2371.330078125,865.9210205078125,924.7509765625,864.0,137.0,2.739000082015991,3.2100000381469727,185.0,200.0,3.700000047683716,0.3000000119209289,,,,39.0,,0.6929779052734375,162.984375,,,,,Running,2023-09-10,1.47,14.43,6.13,9.79,
11986131460,Treadmill Running,treadmill_running,2023-09-09 15:24:06,1340.3299560546875,871.7739868164062,871.7739868164062,455.7740000486374,133.0,1.5369999408721924,3.461999893188477,182.0,195.0,3.5,0.800000011920929,,,,,,,103.578125,,,,,Running,2023-09-09,0.83,14.53,3.44,17.44,
11977941188,Austin Abs,other,2023-09-08 14:17:17,672.280029296875,902.0919799804688,902.0919799804688,148.0,85.0,0.7450000047683716,16.44099998474121,131.0,144.0,1.5,0.0,,,,,1077.7236227989197,1050.0478415489197,14.703125,,,,,Other,2023-09-08,0.42,15.03,1.67,35.93,3535.8
11977672891,Treadmill Running,treadmill_running,2023-09-08 13:32:59,626.02001953125,400.1329956054688,400.1329956054688,220.0,63.0,1.5650000572204592,3.443000078201294,188.0,201.0,2.799999952316284,0.800000011920929,,,,,,,115.453125,,,,,Running,2023-09-08,0.39,6.67,3.5,17.14,
11977609126,Treadmill Running,treadmill_running,2023-09-08 13:17:22,1182.5699462890625,659.3660278320312,692.1179809570312,430.58799934387207,98.0,1.7929999828338623,3.5829999446868896,176.0,198.0,3.0999999046325684,0.0,,,,,,,122.71875,,,,,Running,2023-09-08,0.73,10.99,4.01,14.96,
11963501122,Treadmill Running,treadmill_running,2023-09-06 14:37:35,5273.97998046875,2193.60791015625,2194.4150390625,2108.39501953125,312.0,2.4040000438690186,2.9670000076293945,175.0,198.0,4.400000095367432,1.0,,,,,,,152.640625,,,,,Running,2023-09-06,3.28,36.56,5.38,11.15,
11925240015,Treadmill Running,treadmill_running,2023-08-31 16:47:26,1614.2099609375,606.7379760742188,606.7379760742188,606.7379760742188,88.0,2.6600000858306885,2.9579999446868896,174.0,189.0,2.900000095367432,0.0,,,,,,,164.78125,,,,,Running,2023-08-31,1.0,10.11,5.95,10.08,
10982223938,Austin Walking,walking,2023-04-25 14:21:55,5706.6201171875,3922.85498046875,3999.3720703125,3835.0,317.0,1.4550000429153442,4.320000171661377,121.0,152.0,2.0999999046325684,0.0,,,,42.0,1094.7035522460938,1102.4037170410156,111.453125,,,,,Walking,2023-04-25,3.55,65.38,3.25,18.46,3591.5
10891444726,Austin Walking,walking,2023-04-12 13:35:29,1567.719970703125,1053.801025390625,1383.66796875,1048.0,84.0,1.4880000352859497,1.6330000162124636,120.0,135.0,0.8999999761581421,0.0,,,,42.0,,,113.390625,,,,,Walking,2023-04-12,0.97,17.56,3.33,18.02,
10883894682,Austin Walking,walking,2023-04-11 13:21:32,1612.469970703125,1129.199951171875,1140.06201171875,1115.7669999599457,83.0,1.427999973297119,1.5299999713897705,105.0,126.0,0.6000000238418579,0.0,,,,42.0,1.0,1.0,110.90625,,,,,Walking,2023-04-11,1.0,18.82,3.19,18.81,3.3
10876998302,Austin Walking,walking,2023-04-10 13:34:07,1613.280029296875,1168.0250244140625,1168.0250244140625,1137.1860001087189,93.0,1.38100004196167,1.5859999656677248,91.0,124.0,1.100000023841858,0.0,,,,,,1.0,105.046875,,,,,Walking,2023-04-10,1.0,19.47,3.09,19.42,
10876998259,Austin Walking,walking,2023-04-08 18:48:24,3225.070068359375,2210.068115234375,2217.26806640625,2193.846999883652,163.0,1.4589999914169312,2.00600004196167,122.0,137.0,1.2000000476837158,0.0,,,,42.0,0.4943084716796875,,102.5625,,,,,Walking,2023-04-08,2.0,36.83,3.26,18.4,1.6
10837215476,Austin Walking,walking,2023-04-04 17:38:11,3221.75,2272.81689453125,2322.01708984375,2265.182006835937,180.0,1.4179999828338623,1.6890000104904177,129.0,145.0,1.5,0.0,,,,42.0,0.4071197509765625,0.4071197509765625,103.359375,,,,,Walking,2023-04-04,2.0,37.88,3.17,18.93,1.3
10790304476,Austin - Run,running,2023-03-28 17:40:51,1860.6300048828125,896.7050170898438,969.0830078125,821.3699951171875,132.0,2.075000047683716,2.7149999141693115,170.0,193.0,3.0,0.0,,,,42.0,8.0,,141.296875,,,,,Running,2023-03-28,1.16,14.95,4.64,12.93,26.2
10754006864,Benchmark Run,treadmill_running,2023-03-23 09:13:07,995.510009765625,540.0,559.301025390625,524.0,71.0,1.843999981880188,3.013999938964844,158.0,185.0,2.0,0.0,,,,,,,139.75,,,,,Running,2023-03-23,0.62,9.0,4.12,14.56,
10720168315,Austin Running,running,2023-03-18 09:43:07,1612.5899658203125,647.4990234375,647.4990234375,647.0,85.0,2.490000009536743,3.059999942779541,120.0,136.0,2.299999952316284,0.0,,,,,,,166.40625,,,,,Running,2023-03-18,1.0,10.79,5.57,10.77,
10720167477,Treadmill Running,treadmill_running,2023-03-17 15:34:30,1611.81005859375,708.2769775390625,708.2769775390625,706.6769999861717,113.0,2.276000022888184,3.059999942779541,174.0,195.0,3.0,0.0,,,,,,,164.96875,,,,,Running,2023-03-17,1.0,11.8,5.09,11.79,
10707784633,Treadmill Running,treadmill_running,2023-03-16 11:49:49,828.5700073242188,342.0,342.0,342.0,46.0,2.4230000972747803,2.9579999446868896,152.0,194.0,2.0,1.0,,,,,,,163.5,,,,,Running,2023-03-16,0.51,5.7,5.42,11.07,
10707784594,Austin Walking,walking,2023-03-09 11:52:45,3224.169921875,2351.946044921875,2352.6298828125,2180.0,189.0,1.3710000514984129,3.1540000438690186,124.0,163.0,1.7999999523162842,0.0,,,,42.0,212.58001708984372,224.02589416503903,97.875,,,,,Walking,2023-03-09,2.0,39.2,3.07,19.54,697.4
10707784537,Austin Walking,walking,2023-03-01 17:30:22,1386.949951171875,1181.708984375,1192.2850341796875,1099.0,102.0,1.1740000247955322,2.305000066757202,111.0,132.0,1.5,0.0,,,,43.0,27.804428100585938,31.269317626953125,86.75,,,,,Walking,2023-03-01,0.86,19.7,2.63,22.81,91.2
10564053392,Austin Walking,walking,2023-02-22 11:38:20,3221.02001953125,2454.552001953125,2454.552001953125,2344.0,220.0,1.312000036239624,1.70799994468689,138.0,175.0,2.0999999046325684,0.0,,,,43.0,12.400833129882812,11.718612670898438,88.984375,,,,,Walking,2023-02-22,2.0,40.91,2.93,20.48,40.7
10559317520,Austin Walking,walking,2023-02-21 18:14:35,3224.2900390625,2313.760986328125,2313.760986328125,2272.974999904633,227.0,1.3940000534057615,1.6050000190734863,148.0,168.0,2.200000047683716,0.0,,,,42.0,,,102.84375,,,,,Walking,2023-02-21,2.0,38.56,3.12,19.23,
10545487129,Utah County Walking,walking,2023-02-18 11:30:02,12884.0400390625,11729.6943359375,17221.412109375,9854.768000125883,981.0,1.0980000495910645,1.5859999656677248,140.0,179.0,4.0,0.0,,,,42.0,670.8812255859375,664.146484375,83.1875,,,,,Walking,2023-02-18,8.01,195.49,2.46,24.39,2201.1
10509343636,Austin Walking,walking,2023-02-14 08:09:52,837.6900024414062,715.4210205078125,715.4210205078125,607.0,53.0,1.1710000038146973,1.8849999904632568,119.0,129.0,0.6000000238418579,0.0,,,,,,,89.828125,,,,,Walking,2023-02-14,0.52,11.92,2.62,22.9,
10509343355,Austin Walking,walking,2023-02-13 12:20:17,3213.77001953125,2488.85302734375,2488.85302734375,2331.0,193.0,1.2910000085830688,1.8940000534057615,122.0,140.0,1.5,0.0,,,,43.0,25.132644653320312,25.287155151367188,86.28125,,,,,Walking,2023-02-13,2.0,41.48,2.89,20.76,82.5
10509343264,Austin Walking,walking,2023-02-12 09:36:55,7241.52978515625,4868.22705078125,4973.876953125,4848.5179443359375,542.0,1.4880000352859497,1.950000047683716,155.0,174.0,3.0999999046325684,0.0,,,,43.0,49.632232666015625,47.40983581542969,110.796875,,,,,Walking,2023-02-12,4.5,81.14,3.33,18.02,162.8
10509343153,Austin Walking,walking,2023-02-11 15:01:41,4829.97998046875,3478.64794921875,3478.64794921875,3476.861943364144,280.0,1.3880000114440918,1.5210000276565552,104.0,127.0,2.0999999046325684,0.0,,,,,2.488037109375,2.488037109375,106.3125,,,,,Walking,2023-02-11,3.0,57.98,3.1,19.35,8.2
10509343067,Austin Walking,walking,2023-02-09 18:24:37,3211.919921875,2371.929931640625,2464.6708984375,2361.0,193.0,1.3539999723434448,1.5119999647140503,127.0,144.0,2.0,0.0,,,,43.0,,0.40863037109375,103.234375,,,,,Walking,2023-02-09,2.0,39.53,3.03,19.8,
10462777599,Austin Walking,walking,2023-02-07 08:17:53,1965.47998046875,1591.4200439453125,1596.447021484375,1487.0,135.0,1.2350000143051147,1.5119999647140503,129.0,145.0,1.2000000476837158,0.0,,,,44.0,,0.7142791748046875,95.953125,,,,,Walking,2023-02-07,1.22,26.52,2.76,21.74,
10459272891,Austin Walking,walking,2023-02-06 17:35:55,2154.7900390625,1932.4539794921875,1960.5550537109373,1621.7049560546875,151.0,1.1150000095367432,2.174000024795532,122.0,131.0,1.2000000476837158,0.0,,,,44.0,9.399993896484377,,86.453125,,,,,Walking,2023-02-06,1.34,32.21,2.49,24.1,30.8
10459272858,Austin Walking,walking,2023-02-04 13:06:44,1618.3699951171875,1411.1700439453125,1509.6309814453125,1313.585000038147,105.0,1.1469999551773071,2.13700008392334,120.0,134.0,0.8999999761581421,0.0,,,,44.0,,2.1566314697265625,89.28125,,,,,Walking,2023-02-04,1.01,23.52,2.57,23.35,
10420474199,Austin Walking,walking,2023-01-31 18:58:03,1651.75,1494.626953125,1505.8929443359375,1379.0,120.0,1.1050000190734863,1.5770000219345093,121.0,135.0,1.100000023841858,0.0,,,,44.0,,,90.53125,,,,,Walking,2023-01-31,1.03,24.91,2.47,24.29,
10419067511,Austin Walking,walking,2023-01-31 13:43:09,1604.800048828125,1222.0679931640625,1222.0679931640625,1221.0,101.0,1.3129999637603758,1.4559999704360962,118.0,143.0,1.0,0.0,,,,,,,103.1875,,,,,Walking,2023-01-31,1.0,20.37,2.94,20.41,
10413615818,Austin Walking,walking,2023-01-30 18:44:25,1799.8900146484375,1402.279052734375,1402.279052734375,1370.0,118.0,1.284000039100647,1.6979999542236328,131.0,144.0,1.0,0.0,,,,44.0,,,96.5,,,,,Walking,2023-01-30,1.12,23.37,2.87,20.91,
9601439717,Austin Running,running,2022-09-13 17:29:53,3227.1298828125,1109.0770263671875,1407.4520263671875,1108.0,191.0,2.9100000858306885,3.4800000190734863,179.0,194.0,3.400000095367432,1.2999999523162842,,,,45.0,13.390182495117188,17.39251708984375,161.15625,,,,,Running,2022-09-13,2.01,18.48,6.51,9.22,43.9
9471448098,Austin - Goal Pace Repeats,running,2022-08-24 17:07:58,4946.85986328125,2285.58203125,2327.632080078125,2190.1880037784576,309.0,2.1640000343322754,3.3399999141693115,158.0,192.0,3.299999952316284,1.0,,,,45.0,6.510910034179688,6.22637939453125,125.984375,,,,,Running,2022-08-24,3.07,38.09,4.84,12.4,21.4
9437121201,Austin - Speed Repeats,running,2022-08-19 13:45:15,5152.81982421875,2142.760986328125,2170.7080078125,2037.1900165081024,330.0,2.4049999713897705,3.5179998874664307,165.0,199.0,3.700000047683716,2.400000095367432,,,,45.0,29.02474975585937,20.16131591796875,137.265625,,,,,Running,2022-08-19,3.2,35.71,5.38,11.15,95.2
9429071747,Austin - Magic Mile,running,2022-08-18 09:43:19,1794.8499755859375,662.3259887695312,662.3259887695312,618.8030000329018,104.0,2.7100000381469727,3.507999897003174,167.0,197.0,2.799999952316284,0.0,,,,45.0,5.187423706054688,3.8980712890625,147.78125,,,,,Running,2022-08-18,1.12,11.04,6.06,9.9,17.0
9418461156,Austin Running,running,2022-08-16 17:09:13,4025.929931640625,1367.178955078125,1597.7659912109375,1364.2669982910156,232.0,2.944999933242798,3.461999893188477,177.0,194.0,3.5,0.4000000059604645,,,,44.0,5.9817962646484375,6.29107666015625,164.125,,,,,Running,2022-08-16,2.5,22.79,6.59,9.1,19.6
9411954897,Austin - Goal Pace Repeats,running,2022-08-15 18:26:19,8433.01953125,3576.111083984375,3576.111083984375,3540.850989341736,508.0,2.3580000400543213,3.5460000038146977,166.0,200.0,4.199999809265137,2.700000047683716,,,,44.0,32.991943359375,31.327301025390625,140.046875,,,,,Running,2022-08-15,5.24,59.6,5.27,11.39,108.2
9389965500,Austin - Long Easy Run,running,2022-08-12 08:31:29,19704.7890625,7775.7978515625,8848.25390625,7682.408996582031,1224.0,2.5339999198913574,2.9670000076293945,177.0,195.0,5.0,1.100000023841858,,,,44.0,48.78009033203125,49.47264099121094,158.8125,,,,,Running,2022-08-12,12.24,129.6,5.67,10.58,160.0
9372999989,Austin Flag,other,2022-08-09 18:43:07,458.510009765625,1617.8370361328125,2089.385009765625,398.0,168.0,0.2829999923706054,3.275000095367432,141.0,176.0,3.0,1.7000000476837158,,,,,,0.811859130859375,11.15625,,,,,Other,2022-08-09,0.28,26.96,0.63,95.24,
9372999519,Austin - Goal Pace Repeats,running,2022-08-09 17:29:12,8276.3603515625,3624.883056640625,3700.198974609375,3396.395973443985,544.0,2.282999992370605,3.4059998989105225,172.0,202.0,4.5,2.700000047683716,,,,44.0,5.546432495117188,0.8765411376953125,133.234375,,,,,Running,2022-08-09,5.14,60.41,5.11,11.74,18.2
9365618336,Austin Walking,walking,2022-08-08 20:34:49,978.530029296875,1111.6309814453125,1121.6080322265625,838.0,61.0,0.8799999952316284,1.25,97.0,115.0,0.3000000119209289,0.0,,,,,,,53.75,,,,,Walking,2022-08-08,0.61,18.53,1.97,30.46,
9350080837,Round Rock Flag,other,2022-08-06 09:21:38,3071.0400390625,6212.830078125,6212.830078125,2622.0,578.0,0.4939999878406524,4.861000061035156,135.0,182.0,2.700000047683716,0.699999988079071,,,,,3.0582733154296875,3.3658905029296875,15.453125,,,,,Other,2022-08-06,1.91,103.55,1.11,54.05,10.0
9343172500,Austin - Magic Mile,running,2022-08-05 09:33:02,3292.280029296875,1398.18798828125,1407.18603515625,1308.1280004382131,198.0,2.3550000190734863,3.5360000133514404,161.0,198.0,3.400000095367432,1.100000023841858,,,,44.0,3.0332794189453125,53.833282470703125,136.515625,,,,,Running,2022-08-05,2.05,23.3,5.27,11.39,10.0
9326618774,Austin Flag,other,2022-08-02 18:19:53,2415.8701171875,7552.6298828125,7552.6298828125,2162.0,529.0,0.3199999928474426,5.028999805450439,123.0,161.0,2.0999999046325684,0.0,,,,,11.386138916015623,15.768844604492188,12.0625,,,,,Other,2022-08-02,1.5,125.88,0.72,83.33,37.4
9319615710,Austin Walking,walking,2022-08-01 19:46:51,2415.050048828125,1593.93798828125,1593.93798828125,1593.4180297851562,153.0,1.5149999856948853,2.220999956130981,140.0,177.0,1.7000000476837158,0.0,,,,44.0,13.0875244140625,6.0126953125,113.875,,,,,Walking,2022-08-01,1.5,26.57,3.39,17.7,42.9
9319615253,Austin - Goal Pace Repeats,running,2022-08-01 19:19:38,3770.06005859375,1610.5419921875,1610.5419921875,1567.4290161132812,223.0,2.3410000801086426,3.4800000190734863,159.0,197.0,3.299999952316284,1.600000023841858,,,,44.0,12.220611572265623,12.337966918945312,135.46875,,,,,Running,2022-08-01,2.34,26.84,5.24,11.45,40.1
9274515064,Austin - Goal Pace Repeats,running,2022-07-25 19:26:06,6518.169921875,2736.10498046875,2807.803955078125,2654.783000767231,401.0,2.381999969482422,3.4059998989105225,168.0,197.0,4.099999904632568,2.0999999046325684,,,,44.0,3.3553466796875,2.8775787353515625,137.203125,,,,,Running,2022-07-25,4.05,45.6,5.33,11.26,11.0
9247513381,Austin - Magic Mile,running,2022-07-21 11:40:04,4001.8701171875,1473.3790283203125,1473.3790283203125,1469.8780126571655,251.0,2.7160000801086426,3.4800000190734863,184.0,206.0,4.0,2.0,,,,44.0,0.4909210205078125,,152.578125,,,,,Running,2022-07-21,2.49,24.56,6.08,9.87,1.6
9208467132,Austin - Long Easy Run,running,2022-07-15 07:42:41,8450.5400390625,3170.654052734375,3527.462890625,3128.973937988281,539.0,2.664999961853028,3.088000059127808,183.0,197.0,4.900000095367432,1.399999976158142,,,,44.0,4.1736907958984375,3.9205474853515625,158.09375,,,,,Running,2022-07-15,5.25,52.84,5.96,10.07,13.7
9198946835,Hill Repeats,treadmill_running,2022-07-13 17:25:52,2257.139892578125,1525.7850341796875,1525.7850341796875,1268.7920001745224,183.0,1.4789999723434448,3.144000053405762,148.0,184.0,2.799999952316284,1.5,,,,,,,119.90625,,,,,Running,2022-07-13,1.4,25.43,3.31,18.13,
9185386242,Austin - Speed Repeats,running,2022-07-11 15:34:37,3772.31005859375,1508.27001953125,1539.5780029296875,1447.483002781868,227.0,2.500999927520752,3.4059998989105225,169.0,197.0,3.400000095367432,2.0,,,,44.0,,,139.125,,,,,Running,2022-07-11,2.34,25.14,5.59,10.73,
9160897575,Austin - Magic Mile,running,2022-07-07 17:26:30,3759.699951171875,1485.625,1485.625,1427.3629760742188,223.0,2.5309998989105225,3.443000078201294,168.0,200.0,3.5,0.0,,,,44.0,20.488677978515625,20.49911499023437,141.015625,,,,,Running,2022-07-07,2.34,24.76,5.66,10.6,67.2
9148397442,Austin - Goal Pace Repeats,running,2022-07-05 16:52:29,7487.85009765625,3174.47900390625,3216.655029296875,3143.157984018326,486.0,2.358999967575073,3.3959999084472656,174.0,204.0,4.5,3.0999999046325684,,,,44.0,34.85285949707031,35.01475524902344,133.71875,,,,,Running,2022-07-05,4.65,52.91,5.28,11.36,114.3
9106041956,Austin - Goal Pace Repeats,running,2022-06-28 17:30:35,5145.89990234375,2165.10107421875,2269.39892578125,2134.7569885253906,301.0,2.377000093460083,3.38700008392334,154.0,190.0,3.299999952316284,0.2000000029802322,,,,44.0,19.52992248535156,23.713623046875,139.921875,,,,,Running,2022-06-28,3.2,36.09,5.32,11.28,64.1
9084138037,Austin - Run Walk Run®,running,2022-06-25 09:37:56,8415.099609375,3000.635986328125,3172.1220703125,2954.514953613281,493.0,2.803999900817871,3.4800000190734863,177.0,198.0,4.900000095367432,1.399999976158142,,,,44.0,18.62109375,20.434982299804688,155.0,,,,,Running,2022-06-25,5.23,50.01,6.27,9.57,61.1
9072207828,Austin - Magic Mile,running,2022-06-23 10:08:58,3649.25,1487.529052734375,1487.529052734375,1424.2179996967316,216.0,2.453000068664551,3.619999885559082,165.0,202.0,3.400000095367432,1.0,,,,44.0,13.181106567382812,8.069778442382812,132.171875,,,,,Running,2022-06-23,2.27,24.79,5.49,10.93,43.2
9060681953,Austin - Goal Pace Repeats,running,2022-06-21 12:31:20,7264.240234375,3217.531005859375,3217.531005859375,3131.589964389801,444.0,2.257999897003174,3.3399999141693115,164.0,197.0,4.0,2.0999999046325684,,,,44.0,25.816864013671875,20.0478515625,132.203125,,,,,Running,2022-06-21,4.51,53.63,5.05,11.88,84.7
9047959371,Austin - Long Easy Run,running,2022-06-19 10:53:44,7685.7001953125,2913.971923828125,3742.47802734375,2900.8810119628906,473.0,2.638000011444092,3.088000059127808,178.0,196.0,4.599999904632568,0.4000000059604645,,,,44.0,1.0,0.3766326904296875,161.53125,,,,,Running,2022-06-19,4.78,48.57,5.9,10.17,3.3
9030505444,Austin - Benchmark Run,running,2022-06-16 15:43:24,105.05999755859376,540.0,540.0,391.0,75.0,0.1949999928474426,3.200000047683716,156.0,176.0,2.200000047683716,0.0,,,,,,,164.3125,,,,,Running,2022-06-16,0.07,9.0,0.44,136.36,
8997373793,Austin Running,running,2022-06-11 11:59:25,3224.1201171875,1168.4820556640625,1168.4820556640625,1167.875,194.0,2.759000062942505,3.088000059127808,176.0,191.0,3.5,0.5,,,,44.0,6.922149658203125,5.550140380859375,162.265625,,,,,Running,2022-06-11,2.0,19.47,6.17,9.72,22.7
8990496172,Austin Running,running,2022-06-10 11:03:24,4832.58984375,1670.4320068359375,1670.4320068359375,1670.1259765625,294.0,2.8929998874664307,3.2839999198913574,180.0,205.0,4.5,2.0999999046325684,,,,44.0,18.9886474609375,18.120101928710938,163.6875,,,,,Running,2022-06-10,3.0,27.84,6.47,9.27,62.3
8984841646,Austin Running,running,2022-06-09 11:58:03,2654.800048828125,859.2730102539062,1139.2440185546875,858.0,151.0,3.0899999141693115,3.470999956130981,178.0,196.0,3.5999999046325684,2.299999952316284,,,,44.0,,,160.734375,,,,,Running,2022-06-09,1.65,14.32,6.91,8.68,
8984841528,Austin Running,running,2022-06-07 17:29:40,3412.60009765625,1219.009033203125,1337.8499755859375,1218.8339767456057,214.0,2.799000024795532,3.1070001125335693,182.0,201.0,4.0,2.200000047683716,,,,44.0,,0.9979248046875,158.109375,,,,,Running,2022-06-07,2.12,20.32,6.26,9.58,
8943100130,Running,running,2022-06-02 19:00:11,4829.31005859375,1820.541015625,1820.541015625,1819.947998046875,321.0,2.6530001163482666,3.555000066757202,181.0,199.0,4.699999809265137,1.0,,,,,,,160.609375,,,,,Running,2022-06-02,3.0,30.34,5.93,10.12,
8943100095,Austin Running,running,2022-05-31 17:39:36,3078.800048828125,1087.7259521484375,1474.1700439453125,1087.0,189.0,2.8299999237060547,3.088000059127808,181.0,192.0,3.700000047683716,1.0,,,,44.0,8.168685913085938,8.309356689453125,159.421875,,,,,Running,2022-05-31,1.91,18.13,6.33,9.48,26.8
8880949607,Treadmill Running,treadmill_running,2022-05-23 17:31:39,1326.0699462890625,502.7579956054688,502.7579956054688,478.0,58.0,2.638000011444092,2.9760000705718994,132.0,163.0,1.7999999523162842,0.0,,,,,,,154.78125,,,,,Running,2022-05-23,0.82,8.38,5.9,10.17,
8850409349,Austin Running,running,2022-05-18 18:20:48,3225.010009765625,1093.541015625,1121.6419677734375,1093.176983833313,197.0,2.9489998817443843,3.2279999256134038,182.0,199.0,3.700000047683716,1.399999976158142,,,,44.0,11.921737670898438,13.921737670898438,160.890625,,,,,Running,2022-05-18,2.0,18.23,6.6,9.09,39.1
8722864419,Austin Running,running,2022-04-28 11:20:43,3218.669921875,1096.488037109375,1096.488037109375,1096.0,198.0,2.934999942779541,3.703999996185303,178.0,198.0,3.700000047683716,2.0,,,,45.0,31.53671264648437,51.28071594238281,164.0,,,,,Running,2022-04-28,2.0,18.27,6.57,9.13,103.5
8712614831,Austin Running,running,2022-04-26 17:39:51,3228.469970703125,966.9099731445312,1200.9949951171875,955.0,180.0,3.33899998664856,4.552999973297119,174.0,205.0,4.0,2.400000095367432,,,,45.0,10.87396240234375,13.767745971679688,164.6875,,,,,Running,2022-04-26,2.01,16.12,7.47,8.03,35.7
8676624567,Austin Running,running,2022-04-20 17:05:03,5054.47998046875,1704.843017578125,1996.70703125,1695.5189971923828,315.0,2.9649999141693115,3.6110000610351567,181.0,206.0,4.900000095367432,2.200000047683716,,,,45.0,2.3635406494140625,15.762039184570312,160.21875,,,,,Running,2022-04-20,3.14,28.41,6.63,9.05,7.8
8664089450,Austin Running,running,2022-04-18 16:00:16,3224.219970703125,1060.31005859375,1060.31005859375,1059.6430053710938,196.0,3.0409998893737797,3.312000036239624,180.0,200.0,3.700000047683716,1.7999999523162842,,,,45.0,35.89813232421875,44.956939697265625,163.640625,,,,,Running,2022-04-18,2.0,17.67,6.8,8.82,117.8
8628320777,Austin Running,running,2022-04-12 17:16:15,2570.580078125,880.781005859375,920.77099609375,880.3659973144531,160.0,2.9189999103546143,3.115999937057495,178.0,193.0,3.299999952316284,1.399999976158142,,,,46.0,20.385467529296875,34.44683837890625,159.546875,,,,,Running,2022-04-12,1.6,14.68,6.53,9.19,66.9
8434307020,Hill Repeats,treadmill_running,2022-03-10 12:36:17,2993.3798828125,1320.6109619140625,1537.02294921875,1280.4980000257492,188.0,2.2669999599456787,3.0420000553131104,159.0,194.0,3.299999952316284,2.0,,,,,,,144.65625,,,,,Running,2022-03-10,1.86,22.01,5.07,11.83,
8423553727,Austin - Goal Pace Repeats,running,2022-03-08 15:59:46,8627.7001953125,3629.805908203125,3677.069091796875,3584.4330221414566,505.0,2.377000093460083,3.507999897003174,150.0,186.0,4.099999904632568,1.0,,,,46.0,58.36666870117188,69.10818481445312,139.703125,,,,,Running,2022-03-08,5.36,60.5,5.32,11.28,191.5
8381742681,Austin - Long Easy Run,running,2022-03-01 12:46:21,6710.83984375,2771.98193359375,3115.635009765625,2642.6199951171875,414.0,2.4210000038146973,3.23799991607666,160.0,193.0,4.199999809265137,1.100000023841858,,,,46.0,59.50553894042969,60.368499755859375,143.890625,,,,,Running,2022-03-01,4.17,46.2,5.42,11.07,195.2
8309115962,Austin - Hill Repeats,running,2022-02-16 16:03:28,2375.2099609375,951.1920166015624,951.1920166015624,920.779000043869,132.0,2.496999979019165,4.460000038146973,153.0,173.0,2.900000095367432,0.3000000119209289,,,,46.0,30.79722595214844,35.52391052246094,137.03125,,,,,Running,2022-02-16,1.48,15.85,5.59,10.73,101.0
8296771821,Benchmark Run,running,2022-02-14 13:07:00,1287.7900390625,540.0,540.0,538.0,72.0,2.384999990463257,3.2279999256134038,144.0,177.0,2.0999999046325684,0.1000000014901161,,,,,,,147.859375,,,,,Running,2022-02-14,0.8,9.0,5.34,11.24,
8256048551,Running,running,2022-02-07 15:41:42,806.5700073242188,299.5329895019531,325.1549987792969,299.5329895019531,40.0,2.693000078201294,3.1070001125335693,141.0,158.0,1.2999999523162842,0.0,,,,,,,160.546875,,,,,Running,2022-02-07,0.5,4.99,6.02,9.97,
8186280017,Running,running,2022-01-26 09:51:19,2892.669921875,1072.8260498046875,1084.2900390625,1068.0,180.0,2.696000099182129,3.246999979019165,169.0,196.0,3.400000095367432,2.200000047683716,,,,,,,160.125,,,,,Running,2022-01-26,1.8,17.88,6.03,9.95,
8186279939,Austin Walking,walking,2022-01-18 16:45:40,3191.25,2332.4140625,2332.4140625,2218.1259765625,174.0,1.368000030517578,3.815999984741211,109.0,144.0,1.100000023841858,0.0,,,,45.0,37.07920837402344,32.30314636230469,101.484375,,,,,Walking,2022-01-18,1.98,38.87,3.06,19.61,121.7
8186279847,Running,running,2022-01-14 17:30:52,3162.510009765625,1190.1739501953125,1776.6920166015625,1178.0,197.0,2.657000064849853,3.322000026702881,168.0,199.0,4.0,0.800000011920929,,,,,,,158.59375,,,,,Running,2022-01-14,1.97,19.84,5.94,10.1,
8186279777,Austin Running,running,2021-12-29 16:08:50,2165.31005859375,724.31201171875,724.31201171875,700.5339965820312,128.0,2.989000082015991,4.14300012588501,175.0,200.0,3.299999952316284,2.700000047683716,,,,45.0,,,163.375,,,,,Running,2021-12-29,1.35,12.07,6.69,8.97,
7988593383,Austin Running,running,2021-12-20 17:48:53,4916.64990234375,2101.178955078125,2812.22607421875,1841.4320068359373,308.0,2.3399999141693115,3.1719999313354497,155.0,189.0,3.400000095367432,0.6000000238418579,,,,46.0,60.0186767578125,63.81817626953125,134.28125,,,,,Running,2021-12-20,3.06,35.02,5.23,11.47,196.9
7965779408,Austin Running,running,2021-12-15 15:00:07,3229.7099609375,1130.70703125,1130.70703125,1129.766000032425,207.0,2.855999946594238,3.378000020980835,181.0,202.0,3.799999952316284,2.799999952316284,,,,45.0,27.10557556152344,46.54096984863281,158.3125,,,,,Running,2021-12-15,2.01,18.85,6.39,9.39,88.9
7940557353,Austin Running,running,2021-12-10 07:11:19,2417.72998046875,905.2890014648438,1076.907958984375,901.0,157.0,2.6710000038146973,3.0230000019073486,173.0,196.0,3.299999952316284,2.200000047683716,,,,45.0,19.5125732421875,39.02296447753906,160.640625,,,,,Running,2021-12-10,1.5,15.09,5.97,10.05,64.0
7923603690,Austin Running,running,2021-12-06 12:07:58,1614.22998046875,571.5650024414062,622.2750244140625,571.0,93.0,2.8239998817443848,3.723000049591065,158.0,185.0,2.5999999046325684,0.3000000119209289,,,,,,13.328521728515623,157.859375,,,,,Running,2021-12-06,1.0,9.53,6.32,9.49,
7922749126,Brewster County Walking,walking,2021-11-25 13:55:52,9711.8095703125,9269.57421875,13280.505859375,6824.0,675.0,1.0479999780654907,15.843999862670898,119.0,158.0,2.0999999046325684,0.0,,,,45.0,341.10162353515625,343.0567626953125,66.71875,,,,,Walking,2021-11-25,6.03,154.49,2.34,25.64,1119.1
7847458315,Austin Running,running,2021-11-19 18:00:14,1617.219970703125,612.9769897460938,669.8469848632812,607.6410000324249,94.0,2.638000011444092,3.0980000495910645,149.0,167.0,2.400000095367432,0.0,,,,46.0,,,155.109375,,,,,Running,2021-11-19,1.0,10.22,5.9,10.17,
7835427665,Austin Running,running,2021-11-17 17:49:12,5067.1298828125,1814.530029296875,1814.530029296875,1813.64199924469,307.0,2.7929999828338623,3.25600004196167,168.0,190.0,3.900000095367432,0.2000000029802322,,,,45.0,,9.249099731445312,157.765625,,,,,Running,2021-11-17,3.15,30.24,6.25,9.6,
7294841968,Austin Running,running,2021-08-12 15:46:19,1313.300048828125,433.29400634765625,433.29400634765625,,74.0,3.0309998989105225,3.3959999084472656,166.0,186.0,2.200000047683716,0.2000000029802322,,,,45.0,3.6375732421875,18.35003662109375,159.234375,,,,,Running,2021-08-12,0.82,7.22,6.78,8.85,11.9
7281877101,Austin Running,running,2021-08-10 15:03:38,3220.360107421875,1052.302001953125,1173.39404296875,1050.6430053710938,187.0,3.059999942779541,3.4059998989105225,169.0,198.0,3.400000095367432,2.0,,,,45.0,22.2633056640625,37.53614807128906,157.296875,,,,,Running,2021-08-10,2.0,17.54,6.85,8.76,73.0
7253272628,Austin Running,running,2021-08-05 17:58:51,2420.330078125,793.4879760742188,827.6229858398438,788.9339904785156,149.0,3.0499999523162846,3.5460000038146977,179.0,199.0,3.400000095367432,2.400000095367432,,,,45.0,17.412765502929688,22.82530212402344,156.4375,,,,,Running,2021-08-05,1.5,13.22,6.82,8.8,57.1
7241862203,Austin - Goal Pace Repeats,running,2021-08-03 18:13:15,4258.9599609375,1777.3499755859375,2175.791015625,1693.635009765625,262.0,2.3959999084472656,3.900000095367432,165.0,195.0,3.700000047683716,2.0999999046325684,,,,45.0,44.5162353515625,23.820632934570312,131.265625,,,,,Running,2021-08-03,2.65,29.62,5.36,11.19,146.1
7220825214,Corpus Christi - Speed Repeats,running,2021-07-31 06:22:48,10347.0703125,4018.69091796875,4103.5048828125,3841.955001831055,686.0,2.575000047683716,3.573999881744385,175.0,199.0,5.0,5.0,,,,45.0,5.400031089782715,4.400031089782715,134.703125,,,,,Running,2021-07-31,6.43,66.98,5.76,10.42,17.7
7206464497,Austin - Hill Repeats,running,2021-07-28 15:24:58,2965.969970703125,1486.094970703125,1486.094970703125,1351.78200006485,184.0,1.9960000514984133,9.274999618530272,151.0,188.0,2.799999952316284,1.5,,,,45.0,55.52584838867188,52.36787414550781,114.609375,,,,,Running,2021-07-28,1.84,24.77,4.46,13.45,182.2
7191996553,Austin Running,running,2021-07-26 06:29:02,3230.860107421875,1148.7840576171875,1148.7840576171875,1147.3240292072296,200.0,2.812000036239624,3.0420000553131104,173.0,193.0,3.299999952316284,2.0999999046325684,,,,45.0,30.232574462890625,49.672882080078125,160.765625,,,,,Running,2021-07-26,2.01,19.15,6.29,9.54,99.2
7183352968,Austin Running,running,2021-07-24 10:17:00,2229.7099609375,758.0960083007812,1016.6539916992188,751.0,135.0,2.940999984741211,3.23799991607666,176.0,194.0,3.200000047683716,1.7999999523162842,,,,45.0,21.640060424804688,22.472579956054688,157.640625,,,,,Running,2021-07-24,1.39,12.63,6.58,9.12,71.0
7155128647,Austin - Long Easy Run,running,2021-07-19 15:49:19,2837.3701171875,1016.8839721679688,1016.8839721679688,954.0,181.0,2.789999961853028,3.266000032424927,174.0,196.0,3.299999952316284,2.0,,,,45.0,26.74365234375,21.81658935546875,147.1875,,,,,Running,2021-07-19,1.76,16.95,6.24,9.62,87.7
7137969384,Austin - Speed Repeats,running,2021-07-16 20:02:24,10742.330078125,4432.93701171875,4855.8818359375,4296.6170082092285,762.0,2.4230000972747803,3.9660000801086426,182.0,207.0,5.0,5.0,,,,45.0,65.94456481933594,65.60487365722656,130.921875,,,,,Running,2021-07-16,6.67,73.88,5.42,11.07,216.4
7126869953,Austin - Hill Repeats,running,2021-07-14 17:24:59,3032.830078125,1427.6240234375,1430.2430419921875,1231.3190002441406,213.0,2.124000072479248,9.218999862670898,167.0,196.0,3.299999952316284,2.400000095367432,,,,44.0,30.81256103515625,30.9537353515625,112.859375,,,,,Running,2021-07-14,1.88,23.79,4.75,12.63,101.1
7087945958,Austin - Speed Repeats,running,2021-07-07 16:53:06,7621.240234375,3088.43798828125,4106.47998046875,2885.887993812561,528.0,2.4679999351501465,3.788000106811523,176.0,204.0,5.0,4.199999809265137,,,,44.0,40.12101745605469,38.689361572265625,128.46875,,,,,Running,2021-07-07,4.74,51.47,5.52,10.87,131.6
7087943347,Austin - Hill Repeats,running,2021-07-06 17:48:58,2368.39990234375,1112.5379638671875,1112.5379638671875,944.1569991111757,163.0,2.128999948501587,8.229999542236328,164.0,186.0,3.0,2.200000047683716,,,,44.0,26.678726196289062,32.083984375,109.265625,,,,,Running,2021-07-06,1.47,18.54,4.76,12.61,87.5
7062949597,Austin Running,running,2021-07-03 09:08:41,2907.360107421875,1122.0340576171875,1339.154052734375,1078.0,198.0,2.591000080108642,4.310999870300293,176.0,204.0,3.5,2.0,,,,44.0,21.6925048828125,14.133255004882812,147.875,,,,,Running,2021-07-03,1.81,18.7,5.8,10.34,71.2
7048755884,Austin - Speed Repeats,running,2021-06-30 15:26:48,4277.66015625,1586.1949462890625,1833.614013671875,1571.7339975237846,275.0,2.697000026702881,3.742000102996826,177.0,205.0,4.300000190734863,3.0,,,,44.0,42.463470458984375,24.27655029296875,142.140625,,,,,Running,2021-06-30,2.66,26.44,6.03,9.95,139.3
7037901426,Austin - Hill Repeats,running,2021-06-28 17:12:05,2626.39990234375,1202.239990234375,1219.5550537109375,1035.4330003261566,177.0,2.184999942779541,10.16100025177002,162.0,187.0,3.0999999046325684,2.0999999046325684,,,,44.0,34.789154052734375,38.59175109863281,121.1875,,,,,Running,2021-06-28,1.63,20.04,4.89,12.27,114.1
7010632236,Robinson - Speed Repeats,running,2021-06-23 19:18:49,4828.97021484375,1831.89404296875,1929.72705078125,1810.8760001659396,309.0,2.635999917984009,3.9660000801086426,175.0,200.0,4.300000190734863,3.0,,,,44.0,50.40675354003906,44.578155517578125,137.375,,,,,Running,2021-06-23,3.0,30.53,5.9,10.17,165.4
7004779348,Robinson - Hill Repeats,running,2021-06-22 18:09:37,1151.6400146484375,1518.85205078125,1541.114013671875,657.0,224.0,0.7580000162124634,3.088000059127808,165.0,199.0,3.5,2.5,,,,,0.7943572998046875,0.652313232421875,98.265625,,,,,Running,2021-06-22,0.72,25.31,1.7,35.29,2.6
6999173229,Austin Running,running,2021-06-21 07:39:35,4757.2001953125,1606.385009765625,2115.783935546875,1594.5590209960938,294.0,2.9609999656677246,3.25600004196167,180.0,200.0,4.0,3.0999999046325684,,,,44.0,30.954559326171875,26.416229248046875,160.75,,,,,Running,2021-06-21,2.96,26.77,6.62,9.06,101.6
6980963046,Austin - Goal Pace Repeats,running,2021-06-18 11:33:03,6173.85009765625,2493.735107421875,2595.756103515625,2431.759994506836,443.0,2.4760000705718994,3.630000114440918,183.0,209.0,5.0,3.5999999046325684,,,,44.0,39.9984130859375,26.45025634765625,136.75,,,,,Running,2021-06-18,3.84,41.56,5.54,10.83,131.2
6971491279,Austin - Speed Repeats,running,2021-06-16 17:12:33,2829.320068359375,1226.08203125,1303.58203125,1184.1240010857582,185.0,2.308000087738037,3.507999897003174,170.0,204.0,3.5,2.799999952316284,,,,44.0,25.274322509765625,20.236648559570312,127.578125,,,,,Running,2021-06-16,1.76,20.43,5.16,11.63,82.9
6959270058,Austin - Benchmark Run,running,2021-06-14 16:17:59,1420.550048828125,540.0,555.2659912109375,534.0,91.0,2.63100004196167,3.378000020980835,171.0,195.0,2.700000047683716,2.5,,,,44.0,3.0,16.450912475585938,140.65625,,,,,Running,2021-06-14,0.88,9.0,5.89,10.19,9.8
6941544521,Austin Running,running,2021-06-11 16:40:35,2423.27001953125,866.7529907226562,946.9550170898438,866.197998046875,158.0,2.7960000038146973,3.078999996185303,183.0,208.0,3.5,3.0,,,,44.0,24.962692260742188,29.247390747070312,155.90625,,,,,Running,2021-06-11,1.51,14.45,6.25,9.6,81.9
6930966987,Austin - Pre-Race Workout,running,2021-06-09 18:49:48,4157.8701171875,1727.488037109375,1972.3809814453125,1719.0,303.0,2.407000064849853,2.7709999084472656,182.0,206.0,4.300000190734863,2.400000095367432,,,,44.0,31.118698120117188,33.129150390625,146.4375,,,,,Running,2021-06-09,2.58,28.79,5.38,11.15,102.1
6856380194,Escambia County - Easy Run,running,2021-05-28 07:29:12,6661.83984375,2453.83203125,2516.7509765625,2446.012012481689,451.0,2.7149999141693115,3.0980000495910645,187.0,199.0,4.800000190734863,0.800000011920929,,,,44.0,3.880265712738037,2.880265712738037,159.8125,,,,,Running,2021-05-28,4.14,40.9,6.07,9.88,12.7
6847956315,Austin - Sprint Workout,running,2021-05-26 15:14:39,7049.06982421875,3157.43798828125,3292.097900390625,3099.0789983272552,519.0,2.2330000400543213,4.525000095367432,174.0,204.0,4.400000095367432,3.299999952316284,,,,44.0,61.95651245117188,61.96240234375,125.734375,,,,,Running,2021-05-26,4.38,52.62,5.0,12.0,203.3
6837258767,Austin - Easy Run,running,2021-05-24 19:04:32,8318.9599609375,3300.0,3395.529052734375,3258.652011871338,532.0,2.5209999084472656,3.246999979019165,171.0,196.0,4.599999904632568,2.0,,,,44.0,61.377471923828125,61.73597717285156,146.71875,,,,,Running,2021-05-24,5.17,55.0,5.64,10.64,201.4
6819781484,Austin Running,running,2021-05-21 19:43:52,2398.510009765625,679.9840087890625,856.6290283203125,675.0,136.0,3.5269999504089355,3.956000089645386,188.0,206.0,3.5999999046325684,3.0,,,,45.0,9.113388061523438,8.113388061523438,161.6875,,,,,Running,2021-05-21,1.49,11.33,7.89,7.6,29.9
6809950217,Austin - Sprint Workout,running,2021-05-19 07:37:58,6692.08984375,2407.10205078125,2542.902099609375,2378.6700077056885,446.0,2.7799999713897705,4.050000190734863,182.0,206.0,5.0,3.700000047683716,,,,45.0,37.03334045410156,40.3009033203125,153.328125,,,,,Running,2021-05-19,4.16,40.12,6.22,9.65,121.5
6779791668,Austin - Easy Run,running,2021-05-14 13:27:23,6731.85986328125,2701.618896484375,2799.705078125,2686.9500007629395,446.0,2.492000102996826,3.368000030517578,172.0,196.0,4.5,3.0,,,,45.0,47.3729248046875,63.48992919921875,146.71875,,,,,Running,2021-05-14,4.18,45.03,5.57,10.77,155.4
6743044563,Austin Running,running,2021-05-08 07:40:49,2416.2099609375,734.7930297851562,1142.3349609375,733.0,139.0,3.288000106811524,3.5360000133514404,183.0,198.0,3.5,3.5999999046325684,,,,45.0,16.123443603515625,14.237274169921877,161.96875,,,,,Running,2021-05-08,1.5,12.25,7.36,8.15,52.9
6740410128,Austin - Easy Run,running,2021-05-07 19:43:04,6730.39990234375,2636.547119140625,2746.9990234375,2480.730001449585,458.0,2.552999973297119,3.368000030517578,177.0,197.0,4.800000190734863,3.5,,,,44.0,58.26123046875,59.26123046875,144.125,,,,,Running,2021-05-07,4.18,43.94,5.71,10.51,191.1
6727267986,Austin - Goal Pace Repeats,running,2021-05-05 09:26:42,6596.39990234375,2219.541015625,2274.14892578125,2191.1729934215546,411.0,2.9719998836517334,3.5829999446868896,182.0,205.0,5.0,3.400000095367432,,,,44.0,51.31382751464844,57.08639526367188,156.515625,,,,,Running,2021-05-05,4.1,36.99,6.65,9.02,168.4
6718725890,Austin Walking,walking,2021-05-03 18:41:59,3221.60009765625,1896.176025390625,1900.81298828125,1878.0,243.0,1.6990000009536743,2.0429999828338623,146.0,175.0,2.5,0.0,,,,44.0,22.2542724609375,28.68788146972656,107.203125,,,,,Walking,2021-05-03,2.0,31.6,3.8,15.79,73.0
6718725313,Austin - Easy Run,running,2021-05-03 18:16:11,2957.679931640625,1145.4639892578125,1435.0030517578125,1130.4639892578125,187.0,2.5820000171661377,2.947999954223633,163.0,188.0,3.200000047683716,2.200000047683716,,,,44.0,7.683700561523437,11.173568725585938,149.0625,,,,,Running,2021-05-03,1.84,19.09,5.78,10.38,25.2
6713080075,San Antonio - Long Easy Run,running,2021-05-02 17:11:42,3132.820068359375,1184.8809814453125,1328.093994140625,1169.8809814453125,213.0,2.6440000534057617,3.125999927520752,177.0,197.0,3.5,2.200000047683716,,,,44.0,,24.362808227539062,151.640625,,,,,Running,2021-05-02,1.95,19.75,5.91,10.15,
6700788443,Austin - Easy Run,running,2021-04-30 18:29:57,4609.56982421875,1803.3509521484373,1803.3509521484373,1730.569994211197,274.0,2.555999994277954,3.1719999313354497,161.0,187.0,3.299999952316284,2.0,,,,44.0,52.76373291015625,47.226409912109375,147.765625,,,,,Running,2021-04-30,2.86,30.06,5.72,10.49,173.1
6693371051,Austin - Goal Pace Repeats,running,2021-04-29 09:27:47,5878.72998046875,2055.175048828125,2175.408935546875,1985.7939949035645,377.0,2.859999895095825,3.3589999675750737,180.0,201.0,4.699999809265137,3.5,,,,44.0,35.71199035644531,43.54380798339844,152.828125,,,,,Running,2021-04-29,3.65,34.25,6.4,9.38,117.2
6683952434,Austin - Easy Run,running,2021-04-27 14:42:02,6527.39013671875,2400.0,2483.69091796875,2385.330993652344,403.0,2.720000028610229,3.312000036239624,170.0,193.0,4.099999904632568,2.900000095367432,,,,44.0,33.975341796875,45.19964599609375,159.078125,,,,,Running,2021-04-27,4.06,40.0,6.08,9.87,111.5
6664554200,Austin - Time Trial,running,2021-04-24 10:23:25,4517.77978515625,1663.7850341796875,1663.7850341796875,1575.753999710083,302.0,2.7149999141693115,3.891000032424927,180.0,204.0,4.099999904632568,2.799999952316284,,,,44.0,17.7449951171875,12.607711791992188,140.078125,,,,,Running,2021-04-24,2.81,27.73,6.07,9.88,58.2
6659286022,Austin - Easy Run,running,2021-04-23 13:37:23,6718.60009765625,2400.0,2501.52197265625,2375.282997131348,423.0,2.799000024795532,3.5460000038146977,177.0,197.0,4.599999904632568,3.200000047683716,,,,44.0,53.786407470703125,53.81047058105469,153.765625,,,,,Running,2021-04-23,4.17,40.0,6.26,9.58,176.5
6648996503,Austin - Stride Repeats,running,2021-04-21 16:53:28,4984.169921875,1686.8189697265625,1763.237060546875,1674.7639842033386,307.0,2.9549999237060547,4.35699987411499,181.0,199.0,4.300000190734863,3.0,,,,44.0,22.207290649414062,16.855926513671875,158.3125,,,,,Running,2021-04-21,3.1,28.11,6.61,9.08,72.9
6636676324,Austin - Easy Run,running,2021-04-19 15:42:41,6329.10986328125,2400.0,2525.27099609375,2389.706027030945,407.0,2.63700008392334,3.2939999103546147,174.0,193.0,4.300000190734863,2.400000095367432,,,,44.0,42.57432556152344,53.05952453613281,153.6875,,,,,Running,2021-04-19,3.93,40.0,5.9,10.17,139.7
6618175364,Knoxville - Easy Run,running,2021-04-16 15:02:04,6098.7001953125,2400.0,2502.925048828125,2302.2190170288086,393.0,2.5409998893737797,3.676000118255616,171.0,193.0,4.099999904632568,2.5,,,,44.0,96.59356689453124,99.59664916992188,145.984375,,,,,Running,2021-04-16,3.79,40.0,5.68,10.56,316.9
6613525074,Knoxville - Goal Pace Repeats,running,2021-04-15 16:00:54,6984.91015625,2499.785888671875,2599.951904296875,2489.6690054535866,416.0,2.7939999103546143,3.4240000247955327,173.0,191.0,4.400000095367432,2.5999999046325684,,,,44.0,137.88568115234375,125.93359375,153.84375,,,,,Running,2021-04-15,4.34,41.66,6.25,9.6,452.4
6596687147,Gibson County - Easy Run,running,2021-04-12 18:11:40,6605.490234375,2400.0,2400.0,2393.526993751526,396.0,2.752000093460083,3.190999984741211,170.0,185.0,4.0,2.0,,,,44.0,38.23353576660156,45.40898132324219,158.96875,,,,,Running,2021-04-12,4.1,40.0,6.16,9.74,125.4
6590140965,Gibson County - Long Easy Run,running,2021-04-11 11:07:11,9314.2197265625,3600.0,3616.426025390625,3507.3619995117188,640.0,2.586999893188477,3.2939999103546147,181.0,196.0,5.0,3.0999999046325684,,,,43.0,61.34632110595703,62.25383758544922,150.875,,,,,Running,2021-04-11,5.79,60.0,5.79,10.36,201.3
6577992016,Jackson - Easy Run,running,2021-04-09 12:41:31,4761.97998046875,1801.2010498046875,1806.06494140625,1794.218020439148,319.0,2.6440000534057617,3.5360000133514404,178.0,193.0,4.199999809265137,1.899999976158142,,,,44.0,16.48236846923828,16.48236846923828,153.703125,,,,,Running,2021-04-09,2.96,30.02,5.91,10.15,54.1
6567205954,Gibson County - Steady State Run,running,2021-04-07 13:24:13,4630.31005859375,1802.177978515625,1802.177978515625,1800.2560005187988,293.0,2.569000005722045,3.2839999198913574,172.0,200.0,3.900000095367432,2.700000047683716,,,,44.0,25.19233703613281,24.817344665527344,143.53125,,,,,Running,2021-04-07,2.88,30.04,5.75,10.43,82.7
6562392654,Gibson County Running,running,2021-04-06 17:00:58,4836.759765625,1573.68603515625,1573.68603515625,1566.470002412796,300.0,3.0739998817443848,3.312000036239624,185.0,200.0,4.699999809265137,2.299999952316284,,,,44.0,28.147979736328125,34.02552032470703,157.984375,,,,,Running,2021-04-06,3.01,26.23,6.88,8.72,92.3
6545201798,Austin - Long Easy Run,running,2021-04-03 16:41:25,9551.3798828125,3600.0,3600.0,3591.9659872055054,617.0,2.6530001163482666,3.2100000381469727,177.0,192.0,5.0,3.0999999046325684,,,,44.0,24.69712829589844,19.10873413085937,156.515625,,,,,Running,2021-04-03,5.93,60.0,5.93,10.12,81.0
6539392172,Austin - Easy Run,running,2021-04-02 18:49:00,6585.009765625,2400.881103515625,2500.52197265625,2388.252032697201,387.0,2.743000030517578,3.200000047683716,167.0,187.0,4.0,2.299999952316284,,,,44.0,46.49073791503906,56.92835998535156,157.921875,,,,,Running,2021-04-02,4.09,40.01,6.14,9.77,152.5
6527978343,Austin - Steady State Run,running,2021-03-31 18:08:51,5306.6201171875,2101.462890625,2161.5810546875,2097.789978027344,336.0,2.525000095367432,3.312000036239624,171.0,197.0,4.300000190734863,2.5,,,,43.0,17.765533447265625,19.565902709960938,145.484375,,,,,Running,2021-03-31,3.3,35.02,5.65,10.62,58.3
6515176751,Austin - Easy Run,running,2021-03-29 15:42:41,4603.169921875,1827.0489501953125,1881.01904296875,1781.359001159668,301.0,2.5190000534057613,3.219000101089477,173.0,197.0,4.099999904632568,2.900000095367432,,,,43.0,51.76142883300781,56.479248046875,144.875,,,,,Running,2021-03-29,2.86,30.45,5.63,10.66,169.8
6495922184,Austin - Benchmark Run,running,2021-03-26 11:43:48,1597.3499755859375,540.8140258789062,551.4769897460938,539.0,89.0,2.9539999961853027,3.563999891281128,168.0,190.0,2.5,2.0999999046325684,,,,43.0,17.626007080078125,14.138046264648438,152.734375,,,,,Running,2021-03-26,0.99,9.01,6.61,9.08,57.8
6492566777,Austin Running,running,2021-03-25 17:44:32,3220.260009765625,1066.04296875,1066.04296875,1064.0,200.0,3.020999908447266,3.443000078201294,184.0,203.0,3.900000095367432,2.5,,,,43.0,20.1357421875,13.95379638671875,159.046875,,,,,Running,2021-03-25,2.0,17.77,6.76,8.88,66.1
6480712208,Austin Running,running,2021-03-23 16:13:45,3217.659912109375,1086.666015625,1086.666015625,1085.0,198.0,2.9609999656677246,3.25600004196167,180.0,198.0,3.799999952316284,3.200000047683716,,,,43.0,35.05628967285156,49.43022155761719,159.75,,,,,Running,2021-03-23,2.0,18.11,6.62,9.06,115.0
6474922786,Austin Running,running,2021-03-22 16:23:23,2415.7099609375,800.1320190429688,1094.4659423828125,799.5989990234375,134.0,3.0190000534057617,3.5179998874664307,170.0,196.0,3.200000047683716,2.799999952316284,,,,43.0,18.76451110839844,32.67900085449219,157.5625,,,,,Running,2021-03-22,1.5,13.34,6.75,8.89,61.6
6462193737,Austin Running,running,2021-03-20 11:26:56,2021.0999755859373,715.5330200195312,933.8489990234376,712.0,121.0,2.825000047683716,3.443000078201294,174.0,192.0,3.200000047683716,3.200000047683716,,,,43.0,,4.464630126953125,159.125,,,,,Running,2021-03-20,1.26,11.93,6.32,9.49,
6447484231,Austin Running,running,2021-03-17 17:24:45,3220.8701171875,1080.656005859375,1106.0,1065.447021484375,189.0,2.9800000190734863,3.3959999084472656,174.0,199.0,3.700000047683716,2.799999952316284,,,,43.0,21.021499633789062,11.968963623046877,159.375,,,,,Running,2021-03-17,2.0,18.01,6.67,9.0,69.0
6441820692,Austin Running,running,2021-03-16 17:06:32,3222.7900390625,1080.1929931640625,1134.760986328125,1065.358985364437,195.0,2.983999967575073,3.302999973297119,180.0,196.0,3.900000095367432,3.200000047683716,,,,43.0,12.007369995117188,14.68243408203125,159.9375,,,,,Running,2021-03-16,2.0,18.0,6.68,8.98,39.4
6439562810,Denver Running,running,2021-03-09 14:35:40,3227.4599609375,1074.8470458984375,1213.06494140625,1067.362010717392,173.0,3.003000020980835,3.331000089645386,170.0,190.0,3.200000047683716,,,,,43.0,10.154296875,2.0169677734375,159.71875,,,,,Running,2021-03-09,2.01,17.91,6.72,8.93,33.3
6403097493,Austin Running,running,2021-03-08 11:28:34,1612.469970703125,505.08599853515625,505.08599853515625,500.0,82.0,3.191999912261963,3.38700008392334,173.0,197.0,2.5,,,,,43.0,13.023162841796877,9.972763061523438,164.078125,,,,,Running,2021-03-08,1.0,8.42,7.14,8.4,42.7
6393105362,Austin Running,running,2021-03-07 18:18:54,4834.75,1627.56494140625,1627.56494140625,1626.8059941530228,289.0,2.970999956130981,3.499000072479248,181.0,197.0,4.699999809265137,,,,,43.0,15.034988403320312,15.770553588867188,161.15625,,,,,Running,2021-03-07,3.0,27.13,6.65,9.02,49.3
6392495600,Austin Running,running,2021-03-06 16:07:49,2590.669921875,847.7030029296875,1012.041015625,847.0,144.0,3.055999994277954,3.302999973297119,179.0,198.0,3.299999952316284,,,,,43.0,35.87846374511719,53.88075256347656,158.703125,,,,,Running,2021-03-06,1.61,14.13,6.84,8.77,117.7
6378711316,Austin Running,running,2021-03-05 11:00:12,3198.260009765625,1055.154052734375,1139.2889404296875,1048.9340209960938,183.0,3.0309998989105225,3.2939999103546147,179.0,202.0,3.900000095367432,,,,,43.0,29.041976928710938,34.81303405761719,161.0,,,,,Running,2021-03-05,1.99,17.59,6.78,8.85,95.3
6367911170,Austin Running,running,2021-03-03 11:02:52,3035.969970703125,1042.3370361328125,1142.4229736328125,1038.0,187.0,2.9130001068115234,3.23799991607666,184.0,199.0,3.900000095367432,,,,,43.0,33.81782531738281,46.40797424316406,162.890625,,,,,Running,2021-03-03,1.89,17.37,6.52,9.2,111.0
6363761059,Austin Running,running,2021-03-02 16:19:49,4833.5400390625,1620.5989990234375,1620.5989990234375,1616.97900390625,302.0,2.9830000400543213,3.499000072479248,187.0,204.0,5.0,,,,,43.0,14.1270751953125,11.104019165039062,162.09375,,,,,Running,2021-03-02,3.0,27.01,6.67,9.0,46.3
6361469567,Austin Running,running,2021-03-01 11:04:13,3132.39990234375,1047.373046875,1048.39697265625,1043.0,164.0,2.990999937057495,3.414999961853028,169.0,177.0,3.400000095367432,,,,,43.0,28.89344787597656,41.8690185546875,159.8125,,,,,Running,2021-03-01,1.95,17.46,6.69,8.97,94.8
6327132969,Austin Running,running,2021-02-24 10:51:52,2893.989990234375,1036.29296875,1226.5240478515625,1034.9119873046875,186.0,2.7929999828338623,3.219000101089477,186.0,212.0,4.199999809265137,,,,,42.0,30.029769897460938,44.834808349609375,161.875,,,,,Running,2021-02-24,1.8,17.27,6.25,9.6,98.5
6315461769,Austin Running,running,2021-02-22 10:59:54,2858.14990234375,1067.802978515625,1316.04296875,1066.5599975585938,184.0,2.6770000457763667,3.134999990463257,179.0,200.0,3.900000095367432,,,,,43.0,26.989959716796875,44.33195495605469,160.484375,,,,,Running,2021-02-22,1.78,17.8,5.99,10.02,88.5
6248083663,Austin Running,running,2021-02-09 16:10:38,3008.340087890625,1006.9739990234376,1006.9739990234376,1006.7980041503906,157.0,2.98799991607666,3.275000095367432,168.0,175.0,3.299999952316284,,,,,43.0,26.230010986328125,42.8363037109375,159.890625,,,,,Running,2021-02-09,1.87,16.78,6.68,8.98,86.1
6237283921,Austin Running,running,2021-02-07 12:16:19,4028.9599609375,1348.6290283203125,1434.989013671875,1347.571044921875,241.0,2.986999988555908,3.5829999446868896,184.0,200.0,4.800000190734863,,,,,42.0,26.0328369140625,19.735092163085938,161.1875,,,,,Running,2021-02-07,2.5,22.48,6.68,8.98,85.4
6237283505,Austin Running,running,2021-02-03 16:26:34,1125.8199462890625,432.1780090332031,432.1780090332031,413.0,80.0,2.605000019073486,3.134999990463257,187.0,198.0,3.0999999046325684,,,,,43.0,4.8000030517578125,,155.40625,,,,,Running,2021-02-03,0.7,7.2,5.83,10.29,15.7
6237283299,Austin Running,running,2021-01-29 16:15:07,3227.419921875,1151.0240478515625,1228.0589599609375,1150.6839853525162,203.0,2.803999900817871,3.181999921798706,178.0,199.0,4.099999904632568,,,,,43.0,100.57398986816406,99.96995544433594,159.609375,,,,,Running,2021-01-29,2.01,19.18,6.27,9.57,330.0
6237282936,Austin Running,running,2021-01-27 17:11:11,3221.219970703125,1217.0550537109375,1217.0550537109375,1216.4580078125,187.0,2.6470000743865967,2.809000015258789,161.0,168.0,3.299999952316284,,,,,44.0,28.816864013671875,31.542770385742188,159.96875,,,,,Running,2021-01-27,2.0,20.28,5.92,10.14,94.5
6237282540,Austin Running,running,2021-01-25 16:42:31,3221.949951171875,1219.06005859375,1818.0899658203125,1213.6849975585938,205.0,2.6429998874664307,5.934000015258789,173.0,200.0,3.900000095367432,,,,,43.0,27.31587219238281,24.7537841796875,160.25,,,,,Running,2021-01-25,2.0,20.32,5.91,10.15,89.6
6237282086,Austin Running,running,2021-01-04 15:36:30,1620.2099609375,556.593994140625,556.593994140625,556.447021484375,89.0,2.9110000133514404,3.414999961853028,167.0,189.0,2.799999952316284,,,,,44.0,15.532516479492188,10.604522705078123,160.09375,,,,,Running,2021-01-04,1.01,9.28,6.51,9.22,51.0
5854242657,Austin Running,running,2020-11-21 11:23:56,2701.89990234375,941.0120239257812,1106.8060302734375,940.9879760742188,173.0,2.8710000514984126,4.544000148773193,182.0,202.0,3.900000095367432,,,,,44.0,40.874908447265625,23.756011962890625,160.078125,,,,,Running,2020-11-21,1.68,15.68,6.42,9.35,134.1
5846105314,Austin Running,running,2020-11-19 16:44:34,4021.429931640625,1376.8790283203125,1376.8790283203125,1369.5039978027344,237.0,2.921000003814697,3.723000049591065,174.0,198.0,4.199999809265137,,,,,44.0,20.682205200195312,16.236846923828125,160.625,,,,,Running,2020-11-19,2.5,22.95,6.53,9.19,67.9
5846105029,Austin Running,running,2020-11-17 16:37:38,2275.820068359375,675.9810180664062,1161.6080322265625,672.927001953125,109.0,3.3670001029968266,3.956000089645386,167.0,193.0,3.0,,,,,45.0,14.588043212890623,11.180130004882812,163.015625,,,,,Running,2020-11-17,1.41,11.27,7.53,7.97,47.9
5846104654,Austin Running,running,2020-11-12 14:18:51,4593.27001953125,1559.8189697265625,1799.93701171875,1558.0,241.0,2.944999933242798,3.470999956130981,163.0,173.0,3.5999999046325684,,,,,44.0,18.357818603515625,11.398208618164062,162.125,,,,,Running,2020-11-12,2.85,26.0,6.59,9.1,60.2
5846104221,Santa Monica Running,running,2020-11-06 08:02:35,2750.889892578125,918.989990234375,918.989990234375,918.0,150.0,2.9930000305175777,3.1719999313354497,169.0,193.0,3.400000095367432,,,,,44.0,3.9546406269073486,9.552243947982788,161.84375,,,,,Running,2020-11-06,1.71,15.32,6.7,8.96,13.0
5846103950,San Diego Running,running,2020-11-04 14:48:47,1613.3599853515625,500.1830139160156,573.9959716796875,488.7950000166893,85.0,3.2260000705718994,3.4240000247955327,178.0,190.0,2.900000095367432,,,,,43.0,9.294037818908691,,159.859375,,,,,Running,2020-11-04,1.0,8.34,7.22,8.31,30.5
5746274512,Austin Running,running,2020-10-29 16:48:09,6444.75,2135.68310546875,2242.72802734375,2132.3629863262177,355.0,3.0179998874664307,3.5360000133514404,176.0,193.0,5.0,,,,,43.0,41.29693603515625,59.28775024414063,161.84375,,,,,Running,2020-10-29,4.0,35.59,6.75,8.89,135.5
5746273995,Austin Running,running,2020-10-22 17:00:15,3143.989990234375,1084.56494140625,1196.0899658203125,1081.489013671875,181.0,2.8989999294281,3.1630001068115234,175.0,195.0,3.700000047683716,,,,,43.0,24.051025390625,20.853744506835938,162.203125,,,,,Running,2020-10-22,1.95,18.08,6.48,9.26,78.9
5746273664,Austin Running,running,2020-10-21 16:30:26,3218.510009765625,1091.3170166015625,1091.3170166015625,1091.18798828125,195.0,2.9489998817443843,3.23799991607666,182.0,199.0,4.099999904632568,,,,,43.0,22.934646606445312,35.13276672363281,161.796875,,,,,Running,2020-10-21,2.0,18.19,6.6,9.09,75.2
5746273472,South Padre Island Running,running,2020-10-16 08:30:02,3220.8701171875,1064.7469482421875,1064.7469482421875,1053.3259887695312,199.0,3.025000095367432,3.312000036239624,188.0,207.0,4.5,,,,,43.0,,,167.9375,,,,,Running,2020-10-16,2.0,17.75,6.77,8.86,
5746273223,Austin Running,running,2020-10-13 16:21:58,1605.7900390625,528.6229858398438,558.2919921875,528.6229858398438,94.0,3.0380001068115234,3.5179998874664307,181.0,200.0,3.200000047683716,,,,,43.0,16.395004272460938,13.027740478515623,162.046875,,,,,Running,2020-10-13,1.0,8.81,6.8,8.82,53.8
20368208261,Cycling,cycling,2020-09-29 13:56:11,0.0,1.901000022888184,1.901000022888184,0.0,0.0,0.0,,,,,,,,,,0.0,0.0,,,,,,Cycling,2020-09-29,0.0,0.03,0.0,,0.0
5487765932,Austin Running,running,2020-09-04 16:03:02,3221.919921875,1201.156982421875,1201.156982421875,1195.2150000035765,200.0,2.681999921798706,3.134999990463257,173.0,196.0,3.799999952316284,,,,,43.0,23.014236450195312,20.508026123046875,160.46875,,,,,Running,2020-09-04,2.0,20.02,6.0,10.0,75.5
5477480479,Austin Running,running,2020-08-31 18:49:28,2897.77001953125,970.1290283203124,1139.9139404296875,959.0,189.0,2.986999988555908,3.23799991607666,193.0,212.0,4.5,,,,,44.0,29.246841430664062,12.869659423828123,161.921875,,,,,Running,2020-08-31,1.8,16.17,6.68,8.98,96.0
5418637058,Austin Running,running,2020-08-21 08:08:00,1569.030029296875,523.3820190429688,559.39599609375,523.3820190429688,85.0,2.997999906539917,3.2279999256134038,168.0,197.0,2.799999952316284,,,,,44.0,14.27056884765625,10.729171752929688,163.09375,,,,,Running,2020-08-21,0.97,8.72,6.71,8.94,46.8
5411350932,Austin Running,running,2020-08-19 17:28:40,3702.2099609375,1236.552978515625,1694.27294921875,1231.7639770507812,207.0,2.99399995803833,3.4059998989105225,173.0,200.0,3.900000095367432,,,,,44.0,5.552505493164063,8.727020263671875,162.078125,,,,,Running,2020-08-19,2.3,20.61,6.7,8.96,18.2
20368208253,Austin Cycling,cycling,2020-08-13 18:52:30,11440.150390625,5296.1611328125,5297.2099609375,4704.781997680664,258.0,2.1600000858306885,8.071000099182129,,,,,,,,,98.0,104.0,,,,,,Cycling,2020-08-13,7.11,88.27,4.83,12.42,321.5
5376244090,Austin Running,running,2020-08-11 08:09:33,1518.97998046875,531.3189697265625,575.6790161132812,524.0,79.0,2.858999967575073,3.0420000553131104,158.0,188.0,2.400000095367432,,,,,44.0,16.092727661132812,12.92474365234375,161.46875,,,,,Running,2020-08-11,0.94,8.86,6.4,9.38,52.8
5349269111,Austin Running,running,2020-08-07 07:55:19,1313.030029296875,448.3670043945313,525.3699951171875,448.3670043945313,75.0,2.9279999732971187,3.2279999256134038,176.0,202.0,2.700000047683716,,,,,44.0,16.130325317382812,,162.15625,,,,,Running,2020-08-07,0.82,7.47,6.55,9.16,52.9
5243538973,Austin Running,running,2020-07-15 16:22:25,1352.6600341796875,443.41900634765625,443.41900634765625,439.0,78.0,3.051000118255616,3.2279999256134038,180.0,197.0,3.0,,,,,44.0,3.0756378173828125,11.334671020507812,160.171875,,,,,Running,2020-07-15,0.84,7.39,6.82,8.8,10.1
5208683076,Austin Running,running,2020-07-07 16:34:34,1616.72998046875,539.14697265625,539.14697265625,530.5499999523163,95.0,2.999000072479248,3.190999984741211,179.0,200.0,3.0,,,,,,,,160.203125,,,,,Running,2020-07-07,1.0,8.99,6.71,8.94,
5169203261,Austin Running,running,2020-06-29 19:14:58,2843.919921875,971.7639770507812,1007.1279907226562,962.6719970703124,188.0,2.927000045776367,3.686000108718872,193.0,214.0,4.0,,,,,44.0,26.606002807617188,10.606002807617188,154.078125,,,,,Running,2020-06-29,1.77,16.2,6.55,9.16,87.3
5140759986,Austin Running,running,2020-06-24 18:34:03,2432.02001953125,769.0859985351562,1029.1080322265625,762.0,133.0,3.1619999408721924,3.974999904632568,177.0,202.0,3.0999999046325684,,,,,44.0,20.9835205078125,17.9835205078125,161.1875,,,,,Running,2020-06-24,1.51,12.82,7.07,8.49,68.8
5115081249,Austin Running,running,2020-06-18 08:02:08,3219.969970703125,1053.18505859375,1403.6710205078125,1053.1849975585938,166.0,3.0569999217987065,3.322000026702881,167.0,201.0,3.0999999046325684,,,,,43.0,29.677993774414062,34.0078125,162.09375,,,,,Running,2020-06-18,2.0,17.55,6.84,8.77,97.4
5115080811,Austin Running,running,2020-06-16 16:18:44,3223.5400390625,998.9920043945312,1210.8089599609375,998.9419860839844,167.0,3.226999998092652,3.5460000038146977,176.0,210.0,3.299999952316284,,,,,43.0,17.329360961914062,33.85575866699219,162.15625,,,,,Running,2020-06-16,2.0,16.65,7.22,8.31,56.9
5115080377,Austin Running,running,2020-06-15 18:15:39,3219.919921875,1106.7889404296875,1284.0360107421875,1104.1749877929688,200.0,2.9089999198913574,3.200000047683716,186.0,203.0,3.700000047683716,,,,,42.0,12.489974975585938,8.42242431640625,163.203125,,,,,Running,2020-06-15,2.0,18.45,6.51,9.22,41.0
5058208070,Austin Running,running,2020-06-08 08:22:37,3897.570068359375,1255.7939453125,1566.6109619140625,1245.5679931640625,234.0,3.1040000915527344,3.378000020980835,190.0,205.0,4.199999809265137,,,,,43.0,3.5814971923828125,8.051116943359375,165.0,,,,,Running,2020-06-08,2.42,20.93,6.94,8.65,11.8
5042917253,Austin Running,running,2020-06-05 06:27:13,4317.8701171875,1433.7879638671875,1450.8160400390625,1429.43603515625,265.0,3.01200008392334,3.694999933242798,190.0,215.0,4.5,,,,,43.0,21.732681274414062,23.00508117675781,164.125,,,,,Running,2020-06-05,2.68,23.9,6.74,8.9,71.3
5002170180,Austin Running,running,2020-05-28 07:01:11,6443.0400390625,2142.93505859375,2156.970947265625,2136.636010229588,370.0,3.0069999694824223,3.3589999675750737,180.0,197.0,4.800000190734863,,,,,43.0,13.238067626953123,9.528350830078123,165.296875,,,,,Running,2020-05-28,4.0,35.72,6.73,8.92,43.4
4991758702,Austin Running,running,2020-05-26 07:25:56,4264.52001953125,1475.14501953125,1492.6619873046875,1470.9080200195312,240.0,2.8910000324249268,3.732000112533569,174.0,198.0,3.700000047683716,,,,,42.0,12.609619140625,14.074661254882812,164.0625,,,,,Running,2020-05-26,2.65,24.59,6.47,9.27,41.4
4976200565,Austin Running,running,2020-05-23 06:39:15,4834.68017578125,1716.2049560546875,1732.93994140625,1712.4609985351562,292.0,2.816999912261963,3.443000078201294,178.0,197.0,4.099999904632568,,,,,42.0,13.737472534179688,14.913055419921877,163.515625,,,,,Running,2020-05-23,3.0,28.6,6.3,9.52,45.1
4971347698,Austin Running,running,2020-05-22 06:49:40,6433.2001953125,2069.972900390625,2302.011962890625,2068.8560180664062,364.0,3.1080000400543217,3.555000066757202,181.0,208.0,5.0,,,,,43.0,14.877487182617188,15.049453735351562,164.703125,,,,,Running,2020-05-22,4.0,34.5,6.95,8.63,48.8
4966438501,Austin Running,running,2020-05-21 07:34:30,6444.0400390625,2147.10107421875,2147.10107421875,2145.740979969501,385.0,3.000999927520752,3.378000020980835,183.0,205.0,5.0,,,,,43.0,19.395553588867188,20.652999877929688,165.171875,,,,,Running,2020-05-21,4.0,35.79,6.71,8.94,63.6
4936260774,Austin Running,running,2020-05-15 06:47:04,12873.3095703125,4734.5361328125,5721.30517578125,4733.745971679688,820.0,2.719000101089477,3.1630001068115234,178.0,198.0,5.0,,,,,43.0,23.67964172363281,24.1580810546875,161.71875,,,,,Running,2020-05-15,8.0,78.91,6.08,9.87,77.7
4925401539,Austin Running,running,2020-05-13 07:32:12,4830.25,1428.9659423828125,2036.449951171875,1427.9460144042969,243.0,3.380000114440918,3.871999979019165,175.0,205.0,4.199999809265137,,,,,44.0,17.9810791015625,14.84686279296875,170.359375,,,,,Running,2020-05-13,3.0,23.82,7.56,7.94,59.0
4920450340,Austin Running,running,2020-05-12 07:13:31,8051.85986328125,2972.498046875,3156.735107421875,2971.5770043730736,506.0,2.7090001106262207,3.3959999084472656,175.0,202.0,5.0,,,,,43.0,19.142364501953125,15.142364501953123,162.296875,,,,,Running,2020-05-12,5.0,49.54,6.06,9.9,62.8
4895300166,Austin Running,running,2020-05-07 06:55:02,11279.0,4020.87890625,4042.748046875,4011.8980712890634,729.0,2.805000066757202,4.031000137329102,180.0,199.0,5.0,,,,,43.0,22.580322265625,21.010421752929688,163.390625,,,,,Running,2020-05-07,7.01,67.01,6.27,9.57,74.1
4721904311,Austin Running,running,2020-03-31 17:21:38,4834.919921875,1626.1409912109375,1879.8480224609373,1625.4310302734375,284.0,2.9730000495910645,3.5269999504089355,176.0,198.0,4.199999809265137,,,,,46.0,17.155548095703125,17.0714111328125,162.046875,,,,,Running,2020-03-31,3.0,27.1,6.65,9.02,56.3
4721903693,Austin Running,running,2020-03-30 20:02:45,3224.47998046875,1179.5689697265625,1198.991943359375,1178.7569741010666,223.0,2.733999967575073,2.9579999446868896,183.0,199.0,4.0,,,,,46.0,13.424407958984377,7.803115844726562,158.171875,,,,,Running,2020-03-30,2.0,19.66,6.12,9.8,44.0
4695266367,Austin Running,running,2020-03-23 17:57:31,2303.47998046875,763.5670166015625,1085.823974609375,758.8179931640625,141.0,3.0169999599456787,3.825999975204468,179.0,196.0,3.200000047683716,,,,,47.0,28.35614013671875,26.88885498046875,163.234375,,,,,Running,2020-03-23,1.43,12.73,6.75,8.89,93.0
4695265898,Austin Other,other,2020-03-21 16:53:52,240.4600067138672,1145.416015625,1145.416015625,170.0,100.0,0.209999993443489,1.3899999856948853,116.0,126.0,1.399999976158142,,,,,,,,116.375,,,,,Other,2020-03-21,0.15,19.09,0.47,127.66,
4695265593,Austin Running,running,2020-03-18 17:24:08,2525.699951171875,710.0159912109375,1382.39599609375,709.3770141601562,129.0,3.556999921798706,4.880000114440918,178.0,199.0,3.200000047683716,,,,,47.0,60.0,51.0,168.703125,,,,,Running,2020-03-18,1.57,11.83,7.96,7.54,196.9
4695264879,Austin Running,running,2020-01-16 14:10:14,1788.6500244140625,597.469970703125,942.041015625,596.0,82.0,2.99399995803833,3.5179998874664307,143.0,185.0,2.0999999046325684,,,,,47.0,,2.9911651611328125,161.734375,,,,,Running,2020-01-16,1.11,9.96,6.7,8.96,
4695264488,Canberra Running,running,2019-12-30 20:07:39,2409.919921875,771.0499877929688,936.2039794921876,767.1610107421875,137.0,3.125999927520752,3.507999897003174,177.0,197.0,3.200000047683716,,,,,47.0,6.540283203125,8.52105712890625,160.375,,,,,Running,2019-12-30,1.5,12.85,6.99,8.58,21.5
4695264169,Austin Running,running,2019-10-26 12:48:22,1614.4200439453125,490.2780151367188,687.1069946289062,489.0,74.0,3.2929999828338623,3.6480000019073486,155.0,195.0,2.299999952316284,,,,,47.0,8.565765380859375,8.705612182617188,162.734375,,,,,Running,2019-10-26,1.0,8.17,7.37,8.14,28.1
4695263838,Austin Running,running,2019-10-22 16:09:48,1648.1700439453125,574.8389892578125,706.35498046875,542.0,97.0,2.867000102996826,3.45199990272522,168.0,206.0,3.0,,,,,47.0,10.226547241210938,12.368148803710938,162.078125,,,,,Running,2019-10-22,1.02,9.58,6.41,9.36,33.6
3947736834,Austin Running,running,2019-08-13 17:22:24,1401.5999755859375,442.8469848632813,519.8330078125,441.0,76.0,3.164999961853028,3.470999956130981,173.0,193.0,2.5,,,,,47.0,2.136474609375,9.276535034179688,158.21875,,,,,Running,2019-08-13,0.87,7.38,7.08,8.47,7.0
3940010453,Austin Running,running,2019-08-05 18:38:32,1112.6199951171875,376.8240051269531,3755.156982421875,373.0,64.0,2.953000068664551,3.38700008392334,171.0,190.0,2.299999952316284,,,,,,,18.806869506835938,160.5,,,,,Running,2019-08-05,0.69,6.28,6.61,9.08,
3940010160,Austin Running,running,2019-07-31 17:22:56,1613.010009765625,636.9000244140625,893.2139892578125,623.0,114.0,2.532999992370605,3.7790000438690186,176.0,200.0,3.0,,,,,46.0,11.719894409179688,9.931793212890623,146.78125,,,,,Running,2019-07-31,1.0,10.62,5.67,10.58,38.5
3940009823,Austin Running,running,2019-06-20 10:35:15,1618.780029296875,478.1940002441406,1044.1810302734375,477.4930114746094,81.0,3.384999990463257,4.2729997634887695,167.0,198.0,2.5,,,,,47.0,17.233108520507812,20.41596984863281,162.328125,,,,,Running,2019-06-20,1.01,7.97,7.57,7.93,56.5
3940009410,Austin Running,running,2019-06-14 08:19:34,1616.27001953125,546.8889770507812,680.6329956054688,535.0,94.0,2.9549999237060547,3.5179998874664307,170.0,195.0,2.700000047683716,,,,,47.0,10.71826171875,10.30999755859375,162.515625,,,,,Running,2019-06-14,1.0,9.11,6.61,9.08,35.2
3719504159,Austin Running,running,2019-06-05 17:05:06,1627.6300048828125,512.5120239257812,651.4840087890625,496.0,97.0,3.1760001182556152,4.179999828338623,184.0,212.0,3.0999999046325684,,,,,47.0,10.802780151367188,11.4322509765625,159.703125,,,,,Running,2019-06-05,1.01,8.54,7.1,8.45,35.4
3702672133,Austin Cycling,cycling,2019-05-28 16:29:05,7673.580078125,2084.2919921875,2302.321044921875,1654.0,333.0,3.6819999217987065,9.02299976348877,166.0,203.0,3.700000047683716,,,,,,68.91763305664062,63.6552734375,,,,,,Cycling,2019-05-28,4.77,34.74,8.24,7.28,226.1
3702671819,Austin Running,running,2019-05-21 15:54:10,1486.7099609375,452.4679870605469,749.594970703125,444.0,78.0,3.2860000133514404,3.815999984741211,171.0,200.0,2.5,,,,,47.0,7.801971435546875,7.363479614257812,162.875,,,,,Running,2019-05-21,0.92,7.54,7.35,8.16,25.6
3702671627,Austin Running,running,2019-05-06 16:52:10,3223.260009765625,1033.3890380859375,1649.112060546875,1027.0,182.0,3.11899995803833,3.630000114440918,174.0,197.0,3.5,,,,,47.0,38.761505126953125,41.45231628417969,162.359375,,,,,Running,2019-05-06,2.0,17.22,6.98,8.6,127.2
3702671296,Austin Running,running,2019-05-05 17:20:15,2870.64990234375,931.823974609375,1349.426025390625,914.0,181.0,3.0810000896453857,3.443000078201294,187.0,210.0,3.799999952316284,,,,,47.0,28.154037475585938,25.204254150390625,162.734375,,,,,Running,2019-05-05,1.78,15.53,6.89,8.71,92.4
3589378001,Austin Running,running,2019-04-25 08:18:54,1611.3800048828125,546.9840087890625,546.9840087890625,545.0,98.0,2.946000099182129,3.6670000553131104,177.0,199.0,2.900000095367432,,,,,47.0,3.2856597900390625,16.859207153320312,162.203125,,,,,Running,2019-04-25,1.0,9.12,6.59,9.1,10.8
3582924442,Austin Running,running,2019-04-23 06:58:10,1615.0,550.5120239257812,556.510986328125,544.0,95.0,2.934000015258789,3.1540000438690186,170.0,197.0,2.799999952316284,,,,,47.0,3.1257781982421875,,163.625,,,,,Running,2019-04-23,1.0,9.18,6.56,9.15,10.3
3567313948,Austin Running,running,2019-04-18 09:09:36,1611.199951171875,488.2369995117188,540.8800048828125,479.0,82.0,3.299999952316284,3.5920000076293945,163.0,202.0,2.400000095367432,,,,,47.0,,1.58856201171875,169.21875,,,,,Running,2019-04-18,1.0,8.14,7.38,8.13,
3546342972,Austin Running,running,2019-04-11 09:53:18,1614.260009765625,516.4920043945312,518.697021484375,509.0,73.0,3.125,3.312000036239624,147.0,193.0,2.0999999046325684,,,,,47.0,6.1126251220703125,5.314300537109375,163.390625,,,,,Running,2019-04-11,1.0,8.61,6.99,8.58,20.1
3538654592,Austin Running,running,2019-04-08 17:20:03,1619.8900146484375,505.6759948730469,582.75,503.0,101.0,3.203000068664551,3.470999956130981,190.0,211.0,3.200000047683716,,,,,47.0,2.366241455078125,1.7382965087890625,162.5,,,,,Running,2019-04-08,1.01,8.43,7.16,8.38,7.8
3528502634,Austin Running,running,2019-04-05 14:36:13,1623.72998046875,514.9869995117188,596.833984375,500.0,85.0,3.1530001163482666,3.619999885559082,168.0,195.0,2.5,,,,,47.0,4.5308837890625,,161.3125,,,,,Running,2019-04-05,1.01,8.58,7.05,8.51,14.9
3524758721,Austin Running,running,2019-04-04 08:04:15,1615.7099609375,569.927978515625,571.60498046875,564.0,99.0,2.835000038146972,3.190999984741211,175.0,196.0,2.900000095367432,,,,,46.0,3.873580932617188,7.70294189453125,162.96875,,,,,Running,2019-04-04,1.0,9.5,6.34,9.46,12.7
3499159447,Austin Running,running,2019-03-26 20:13:43,2413.830078125,855.6420288085938,963.2319946289062,846.0,141.0,2.8210000991821285,3.434000015258789,166.0,185.0,3.0,,,,,46.0,12.45538330078125,14.662765502929688,158.453125,,,,,Running,2019-03-26,1.5,14.26,6.31,9.51,40.9
3483399487,Austin Running,running,2019-03-21 16:20:11,1612.5,500.489013671875,502.6820068359375,492.0,84.0,3.221999883651734,3.6110000610351567,171.0,190.0,2.5999999046325684,,,,,47.0,4.354461669921875,3.7223968505859375,161.015625,,,,,Running,2019-03-21,1.0,8.34,7.21,8.32,14.3
3483399247,Austin Running,running,2019-03-19 18:33:22,2411.8701171875,737.0599975585938,975.4210205078124,724.0,122.0,3.2720000743865967,4.160999774932861,169.0,194.0,3.0,,,,,46.0,13.636947631835938,10.718734741210938,162.609375,,,,,Running,2019-03-19,1.5,12.28,7.32,8.2,44.7
20368208219,Austin Cycling,cycling,2019-03-01 21:20:54,8509.26953125,25044.21875,83388.7109375,1562.0,231.0,0.3400000035762786,10.515999794006348,,,,,,,,,64.0,53.0,,,,,,Cycling,2019-03-01,5.29,417.4,0.76,78.95,210.0
20368208184,Austin Cycling,cycling,2019-03-01 15:41:57,32827.62890625,5437.4072265625,5437.4072265625,4598.0,845.0,6.037000179290772,19.968000411987305,,,,,,,,,154.0,169.0,,,,,,Cycling,2019-03-01,20.4,90.62,13.5,4.44,505.2
20368208121,Austin Cycling,cycling,2019-03-01 12:30:11,24449.779296875,4503.06982421875,4503.06982421875,4127.0,681.0,5.429999828338623,11.392999649047852,,,,,,,,,195.0,106.0,,,,,,Cycling,2019-03-01,15.19,75.05,12.15,4.94,639.8
20368208072,Austin Cycling,cycling,2019-03-01 09:19:06,15008.240234375,2949.64306640625,2949.64306640625,2430.0,423.0,5.0879998207092285,13.333999633789064,,,,,,,,,79.0,132.0,,,,,,Cycling,2019-03-01,9.33,49.16,11.38,5.27,259.2
20368208046,Austin Cycling,cycling,2019-02-28 21:22:47,29083.0390625,8556.91796875,42708.24609375,5789.0,836.0,3.3989999294281006,14.583999633789064,,,,,,,,,204.0,190.0,,,,,,Cycling,2019-02-28,18.07,142.62,7.6,7.89,669.3
20368207928,Austin Cycling,cycling,2019-02-28 14:47:31,5444.919921875,1348.550048828125,1348.550048828125,1196.0,155.0,4.038000106811523,8.229999542236328,,,,,,,,,29.0,30.0,,,,,,Cycling,2019-02-28,3.38,22.48,9.03,6.64,95.1
20368207912,Austin Cycling,cycling,2019-02-27 08:09:22,19166.3203125,3086.9599609375,3086.9599609375,2720.0,613.0,6.209000110626222,13.454999923706056,,,,,,,,,112.0,166.0,,,,,,Cycling,2019-02-27,11.91,51.45,13.89,4.32,367.5
20368207887,Austin Cycling,cycling,2019-02-24 17:04:22,17356.0,3144.160888671875,3144.160888671875,2818.0,519.0,5.519999980926514,12.36299991607666,,,,,,,,,137.0,78.0,,,,,,Cycling,2019-02-24,10.78,52.4,12.35,4.86,449.5
20368207854,Austin Cycling,cycling,2019-02-24 07:29:49,165628.6875,32020.384765625,32020.384765625,25066.63800048828,5262.0,5.1729998588562,15.58199977874756,,,,,,,,,1259.0,1252.0,,,,,,Cycling,2019-02-24,102.92,533.67,11.57,5.19,4130.6
20368207621,Austin Cycling,cycling,2019-02-24 06:11:47,18082.76953125,3481.958984375,3481.958984375,2757.0,539.0,5.192999839782715,12.94200038909912,,,,,,,,,86.0,163.0,,,,,,Cycling,2019-02-24,11.24,58.03,11.62,5.16,282.2
20368207585,Austin Cycling,cycling,2019-02-23 18:38:07,9058.419921875,1744.0999755859375,1744.0999755859375,1513.0,276.0,5.193999767303466,12.652000427246094,,,,,,,,,70.0,71.0,,,,,,Cycling,2019-02-23,5.63,29.07,11.62,5.16,229.7
20368207549,Austin Cycling,cycling,2019-02-23 17:24:41,4655.4501953125,804.2490234375,804.2490234375,703.0,189.0,5.789000034332275,14.032999992370607,,,,,,,,,31.0,36.0,,,,,,Cycling,2019-02-23,2.89,13.4,12.95,4.63,101.7
20368207525,Austin Cycling,cycling,2019-02-23 09:38:47,4969.52001953125,1086.7509765625,1086.7509765625,828.0,148.0,4.572999954223633,10.842000007629396,,,,,,,,,43.0,45.0,,,,,,Cycling,2019-02-23,3.09,18.11,10.23,5.87,141.1
20368207499,Austin Cycling,cycling,2019-02-23 08:13:42,13911.990234375,1984.8590087890625,1984.8590087890625,1920.0,414.0,7.008999824523926,14.107999801635742,,,,,,,,,83.0,143.0,,,,,,Cycling,2019-02-23,8.64,33.08,15.68,3.83,272.3
20368207476,Austin Cycling,cycling,2019-02-20 13:31:33,6434.5498046875,1082.3370361328125,1082.3370361328125,1007.0,188.0,5.945000171661377,12.810999870300297,,,,,,,,,49.0,44.0,,,,,,Cycling,2019-02-20,4.0,18.04,13.3,4.51,160.8
20368207458,Austin Cycling,cycling,2019-02-20 08:11:08,11011.0302734375,1786.43505859375,1786.43505859375,1432.0,358.0,6.164000034332275,13.855999946594238,,,,,,,,,71.0,103.0,,,,,,Cycling,2019-02-20,6.84,29.77,13.79,4.35,232.9
20368207416,Austin Cycling,cycling,2019-02-19 15:12:24,2.2300000190734863,8.024999618530273,8.024999618530273,0.0,0.0,0.277999997138977,0.6159999966621399,,,,,,,,,0.0,0.0,,,,,,Cycling,2019-02-19,0.0,0.13,0.62,96.77,0.0
20368207397,Austin Cycling,cycling,2019-02-19 13:48:04,13321.2998046875,2357.659912109375,2357.659912109375,2102.0,391.0,5.650000095367432,10.571999549865724,,,,,,,,,99.0,84.0,,,,,,Cycling,2019-02-19,8.28,39.29,12.64,4.75,324.8
20368207337,Austin Cycling,cycling,2019-02-18 20:49:28,6444.39013671875,1214.9940185546875,1214.9940185546875,1141.0,170.0,5.303999900817871,12.26099967956543,,,,,,,,,49.0,46.0,,,,,,Cycling,2019-02-18,4.0,20.25,11.86,5.06,160.8
20368207300,Austin Cycling,cycling,2019-02-18 14:57:51,0.0,2.240999937057495,2.240999937057495,0.0,0.0,0.0,0.0,,,,,,,,,0.0,0.0,,,,,,Cycling,2019-02-18,0.0,0.04,0.0,,0.0
20368207286,Austin Cycling,cycling,2019-02-18 14:37:31,6472.3701171875,1116.113037109375,1116.113037109375,1046.0,210.0,5.798999786376953,12.51200008392334,,,,,,,,,49.0,45.0,,,,,,Cycling,2019-02-18,4.02,18.6,12.97,4.63,160.8
20368207256,Austin Cycling,cycling,2019-02-18 13:14:26,6445.990234375,1223.7640380859375,1223.7640380859375,1126.0,175.0,5.267000198364258,11.336999893188477,,,,,,,,,49.0,45.0,,,,,,Cycling,2019-02-18,4.01,20.4,11.78,5.09,160.8
20368207233,Austin Cycling,cycling,2019-02-18 08:34:03,6475.60986328125,1398.8170166015625,1398.8170166015625,1114.0,186.0,4.629000186920166,9.899999618530272,,,,,,,,,54.0,50.0,,,,,,Cycling,2019-02-18,4.02,23.31,10.35,5.8,177.2
20368207209,Austin Cycling,cycling,2019-02-15 21:22:02,4474.2099609375,825.6820068359375,825.6820068359375,730.0,123.0,5.4190001487731925,11.149999618530272,,,,,,,,,26.0,35.0,,,,,,Cycling,2019-02-15,2.78,13.76,12.12,4.95,85.3
20368207181,Austin Cycling,cycling,2019-02-15 13:52:30,4479.14013671875,812.0570068359375,812.0570068359375,727.0,138.0,5.515999794006348,10.89799976348877,,,,,,,,,33.0,27.0,,,,,,Cycling,2019-02-15,2.78,13.53,12.34,4.86,108.3
20368207140,Austin Cycling,cycling,2019-02-14 21:12:48,4538.33984375,870.1920166015625,870.1920166015625,671.0,157.0,5.215000152587891,11.253000259399414,,,,,,,,,28.0,29.0,,,,,,Cycling,2019-02-14,2.82,14.5,11.67,5.14,91.9
20368207114,Austin Cycling,cycling,2019-02-14 16:53:26,4567.6298828125,968.9420166015624,968.9420166015624,802.0,134.0,4.714000225067139,10.3100004196167,,,,,,,,,31.0,25.0,,,,,,Cycling,2019-02-14,2.84,16.15,10.54,5.69,101.7
20368207086,Austin Cycling,cycling,2019-02-14 16:07:35,6453.93994140625,923.9869995117188,923.9869995117188,888.0,200.0,6.985000133514405,13.071999549865724,,,,,,,,,46.0,42.0,,,,,,Cycling,2019-02-14,4.01,15.4,15.63,3.84,150.9
20368207066,Austin Cycling,cycling,2019-02-14 10:18:41,6464.18994140625,1447.64794921875,1447.64794921875,1224.0,172.0,4.465000152587891,8.640000343322754,,,,,,,,,49.0,51.0,,,,,,Cycling,2019-02-14,4.02,24.13,9.99,6.01,160.8
20368207052,Austin Cycling,cycling,2019-02-14 08:21:32,13185.91015625,2665.555908203125,2665.555908203125,2001.0,378.0,4.947000026702881,11.980999946594238,,,,,,,,,76.0,135.0,,,,,,Cycling,2019-02-14,8.19,44.43,11.07,5.42,249.3
20368207014,Austin Cycling,cycling,2019-02-13 20:25:18,6452.35986328125,1246.177978515625,1246.177978515625,1114.0,169.0,5.177999973297119,11.140999794006348,,,,,,,,,47.0,48.0,,,,,,Cycling,2019-02-13,4.01,20.77,11.58,5.18,154.2
20368207001,Austin Cycling,cycling,2019-02-13 16:23:12,14997.7900390625,3751.94091796875,3751.94091796875,2769.0,397.0,3.996999979019165,10.571999549865724,,,,,,,,,98.0,91.0,,,,,,Cycling,2019-02-13,9.32,62.53,8.94,6.71,321.5
20368206909,Austin Cycling,cycling,2019-02-13 14:33:17,6517.81005859375,1409.1500244140625,1409.1500244140625,1052.0,180.0,4.625,13.892999649047852,,,,,,,,,50.0,46.0,,,,,,Cycling,2019-02-13,4.05,23.49,10.35,5.8,164.0
20368206891,Austin Cycling,cycling,2019-02-13 07:40:50,11510.5,1943.68505859375,1943.68505859375,1827.0,428.0,5.921999931335449,11.78499984741211,,,,,,,,,84.0,115.0,,,,,,Cycling,2019-02-13,7.15,32.39,13.25,4.53,275.6
20368206860,Austin Cycling,cycling,2019-02-12 16:51:37,5373.330078125,1366.5030517578125,1368.384033203125,933.0,218.0,3.931999921798706,10.729999542236328,,,,,,,,,30.0,25.0,,,,,,Cycling,2019-02-12,3.34,22.78,8.8,6.82,98.4
20368206842,Austin Cycling,cycling,2019-02-12 12:29:57,6453.22021484375,1265.8399658203125,1265.8399658203125,1090.0,194.0,5.0980000495910645,11.989999771118164,,,,,,,,,49.0,45.0,,,,,,Cycling,2019-02-12,4.01,21.1,11.4,5.26,160.8
20368206828,Austin Cycling,cycling,2019-02-11 20:44:52,6385.5,1695.7979736328125,1695.7979736328125,1132.0,171.0,3.765000104904175,12.213999748229982,,,,,,,,,44.0,46.0,,,,,,Cycling,2019-02-11,3.97,28.26,8.42,7.13,144.4
20368206817,Austin Cycling,cycling,2019-02-11 08:32:58,6591.2900390625,1116.6619873046875,1116.6619873046875,1062.0,198.0,5.902999877929688,10.347999572753906,,,,,,,,,49.0,45.0,,,,,,Cycling,2019-02-11,4.1,18.61,13.2,4.55,160.8
20368206807,Austin Cycling,cycling,2019-02-10 19:46:30,4412.77001953125,1131.217041015625,1131.217041015625,781.0,118.0,3.901000022888184,10.020999908447266,,,,,,,,,33.0,34.0,,,,,,Cycling,2019-02-10,2.74,18.85,8.73,6.87,108.3
20368206795,Austin Cycling,cycling,2019-02-10 10:51:36,4418.3798828125,840.3980102539062,840.3980102539062,771.0,124.0,5.256999969482422,11.878000259399414,,,,,,,,,39.0,26.0,,,,,,Cycling,2019-02-10,2.75,14.01,11.76,5.1,128.0
20368206780,Austin Cycling,cycling,2019-02-09 21:15:20,4455.8798828125,845.583984375,845.583984375,819.0,116.0,5.269999980926514,10.95400047302246,,,,,,,,,31.0,33.0,,,,,,Cycling,2019-02-09,2.77,14.09,11.79,5.09,101.7
20368206749,Austin Cycling,cycling,2019-02-09 11:59:57,4509.18994140625,998.52099609375,998.52099609375,892.0,126.0,4.515999794006348,9.163000106811523,,,,,,,,,39.0,24.0,,,,,,Cycling,2019-02-09,2.8,16.64,10.1,5.94,128.0
20368206727,Austin Cycling,cycling,2019-02-07 21:19:25,4479.7998046875,9633.6767578125,9633.6767578125,886.0,102.0,0.4650000035762787,8.939000129699707,,,,,,,,,32.0,35.0,,,,,,Cycling,2019-02-07,2.78,160.56,1.04,57.69,105.0
20368206698,Austin Cycling,cycling,2019-02-07 15:47:16,4490.830078125,916.4970092773438,916.4970092773438,774.0,135.0,4.900000095367432,13.119000434875488,,,,,,,,,35.0,31.0,,,,,,Cycling,2019-02-07,2.79,15.27,10.96,5.47,114.8
20368206683,Austin Cycling,cycling,2019-02-06 20:35:02,5824.60986328125,1061.157958984375,1061.157958984375,1023.0,158.0,5.488999843597411,13.38000011444092,,,,,,,,,37.0,44.0,,,,,,Cycling,2019-02-06,3.62,17.69,12.28,4.89,121.4
20368206641,Austin Cycling,cycling,2019-02-06 08:25:23,6570.83984375,1482.7220458984375,1482.7220458984375,1237.0,185.0,4.432000160217285,9.34000015258789,,,,,,,,,49.0,46.0,,,,,,Cycling,2019-02-06,4.08,24.71,9.91,6.05,160.8
20368206633,Austin Cycling,cycling,2019-02-05 21:47:13,8175.22021484375,1847.552001953125,1847.552001953125,1441.0,213.0,4.425000190734863,10.78600025177002,,,,,,,,,53.0,54.0,,,,,,Cycling,2019-02-05,5.08,30.79,9.9,6.06,173.9
20368206614,Austin Cycling,cycling,2019-02-05 16:27:41,6979.6201171875,1552.93603515625,1552.93603515625,1377.0,183.0,4.49399995803833,9.666999816894531,,,,,,,,,46.0,49.0,,,,,,Cycling,2019-02-05,4.34,25.88,10.05,5.97,150.9
20368206608,Austin Cycling,cycling,2019-02-04 21:17:28,7492.81982421875,1329.56298828125,1329.56298828125,1230.0,206.0,5.636000156402588,12.614999771118164,,,,,,,,,48.0,49.0,,,,,,Cycling,2019-02-04,4.66,22.16,12.61,4.76,157.5
20368206585,Austin Cycling,cycling,2019-02-04 16:32:30,6974.830078125,1795.5849609375,1795.5849609375,1380.0,204.0,3.884000062942505,11.52299976348877,,,,,,,,,46.0,45.0,,,,,,Cycling,2019-02-04,4.33,29.93,8.69,6.9,150.9
20368206567,Austin Cycling,cycling,2019-02-04 11:43:22,6773.47998046875,1185.876953125,1185.876953125,1102.0,206.0,5.711999893188476,13.137999534606934,,,,,,,,,42.0,40.0,,,,,,Cycling,2019-02-04,4.21,19.76,12.78,4.69,137.8
20368206554,Austin Cycling,cycling,2019-02-04 08:39:45,6816.009765625,1382.91796875,1382.91796875,1262.0,198.0,4.928999900817871,11.234000205993652,,,,,,,,,43.0,45.0,,,,,,Cycling,2019-02-04,4.24,23.05,11.03,5.44,141.1
20368206536,Austin Cycling,cycling,2019-02-03 10:47:12,4531.2900390625,921.2899780273438,921.2899780273438,893.0,125.0,4.918000221252441,9.527000427246094,,,,,,,,,33.0,29.0,,,,,,Cycling,2019-02-03,2.82,15.35,11.0,5.45,108.3
20368206520,Austin Cycling,cycling,2019-02-02 17:23:09,4389.7099609375,709.9149780273438,709.9149780273438,683.0,133.0,6.183000087738037,11.756999969482422,,,,,,,,,27.0,30.0,,,,,,Cycling,2019-02-02,2.73,11.83,13.83,4.34,88.6
20368206503,Austin Cycling,cycling,2019-02-02 09:20:07,4628.6298828125,1962.157958984375,1962.157958984375,772.0,144.0,2.358999967575073,10.833000183105469,,,,,,,,,32.0,29.0,,,,,,Cycling,2019-02-02,2.88,32.7,5.28,11.36,105.0
20368206487,Austin Cycling,cycling,2019-02-01 17:03:25,4467.5,947.8099975585938,947.8099975585938,752.0,137.0,4.714000225067139,12.36299991607666,,,,,,,,,27.0,30.0,,,,,,Cycling,2019-02-01,2.78,15.8,10.54,5.69,88.6
20368206467,Austin Cycling,cycling,2019-02-01 09:23:05,4496.2001953125,694.9719848632812,694.9719848632812,665.0,139.0,6.46999979019165,10.777000427246094,,,,,,,,,32.0,27.0,,,,,,Cycling,2019-02-01,2.79,11.58,14.47,4.15,105.0
20368206448,Austin Cycling,cycling,2019-01-30 08:43:41,3377.27001953125,569.0289916992188,569.0289916992188,564.0,102.0,5.93499994277954,8.668000221252441,,,,,,,,,24.0,23.0,,,,,,Cycling,2019-01-30,2.1,9.48,13.28,4.52,78.7
20368206419,Austin Cycling,cycling,2019-01-29 21:09:52,4431.56982421875,847.5430297851562,847.5430297851562,791.0,131.0,5.229000091552734,12.904000282287598,,,,,,,,,34.0,33.0,,,,,,Cycling,2019-01-29,2.75,14.13,11.7,5.13,111.5
20368206398,Austin Cycling,cycling,2019-01-29 14:50:01,4367.490234375,981.18798828125,981.18798828125,773.0,127.0,4.451000213623047,10.80500030517578,,,,,,,,,36.0,26.0,,,,,,Cycling,2019-01-29,2.71,16.35,9.96,6.02,118.1
20368206380,Austin Cycling,cycling,2019-01-24 21:11:44,3487.080078125,606.1900024414062,606.1900024414062,566.0,97.0,5.751999855041504,10.991999626159666,,,,,,,,,19.0,23.0,,,,,,Cycling,2019-01-24,2.17,10.1,12.87,4.66,62.3
20368206368,Austin Cycling,cycling,2019-01-24 12:20:24,21241.8203125,5652.8662109375,5652.8662109375,3931.0,547.0,3.757999897003174,9.928000450134276,,,,,,,,,136.0,117.0,,,,,,Cycling,2019-01-24,13.2,94.21,8.41,7.13,446.2
20368206325,Austin Cycling,cycling,2019-01-23 19:57:07,8645.2998046875,2039.8699951171875,2039.8699951171875,1587.0,228.0,4.23799991607666,10.020999908447266,,,,,,,,,59.0,58.0,,,,,,Cycling,2019-01-23,5.37,34.0,9.48,6.33,193.6
20368206310,Austin Cycling,cycling,2019-01-23 08:20:40,6779.2900390625,1623.8719482421875,1623.8719482421875,1209.0,200.0,4.175000190734863,11.336999893188477,,,,,,,,,59.0,53.0,,,,,,Cycling,2019-01-23,4.21,27.06,9.34,6.42,193.6
20368206058,Austin Cycling,cycling,2019-01-22 18:15:08,6188.43994140625,1373.6810302734375,1373.6810302734375,1290.0,149.0,4.505000114440918,10.82400035858154,,,,,,,,,30.0,41.0,,,,,,Cycling,2019-01-22,3.85,22.89,10.08,5.95,98.4
20368206045,Austin Cycling,cycling,2019-01-22 16:14:35,4781.93017578125,1093.779052734375,1093.779052734375,1046.0,126.0,4.372000217437744,10.42199993133545,,,,,,,,,29.0,29.0,,,,,,Cycling,2019-01-22,2.97,18.23,9.78,6.13,95.1
20368206003,Austin Cycling,cycling,2019-01-21 21:11:07,4523.60986328125,788.2949829101562,788.2949829101562,757.0,133.0,5.73799991607666,11.029000282287598,,,,,,,,,29.0,31.0,,,,,,Cycling,2019-01-21,2.81,13.14,12.84,4.67,95.1
20368205978,Austin Cycling,cycling,2019-01-21 12:40:02,4514.77978515625,914.7490234375,914.7490234375,848.0,130.0,4.935999870300293,10.01200008392334,,,,,,,,,35.0,27.0,,,,,,Cycling,2019-01-21,2.81,15.25,11.04,5.43,114.8
20368205958,Austin Cycling,cycling,2019-01-20 19:14:44,4439.31982421875,1201.7969970703125,1201.7969970703125,747.0,190.0,3.694000005722046,10.78600025177002,,,,,,,,,30.0,33.0,,,,,,Cycling,2019-01-20,2.76,20.03,8.26,7.26,98.4
20368205933,Austin Cycling,cycling,2019-01-20 10:51:00,4501.10986328125,1207.10595703125,1207.10595703125,904.0,129.0,3.7290000915527344,9.583000183105469,,,,,,,,,41.0,28.0,,,,,,Cycling,2019-01-20,2.8,20.12,8.34,7.19,134.5
20368205922,Austin Cycling,cycling,2019-01-19 08:03:12,40787.4609375,9369.79296875,9369.79296875,8136.0,1216.0,4.353000164031982,15.45199966430664,,,,,,,,,385.0,410.0,,,,,,Cycling,2019-01-19,25.34,156.16,9.74,6.16,1263.1
20368205813,Austin Cycling,cycling,2019-01-16 20:00:58,24528.140625,4604.85888671875,4604.85888671875,4223.0,617.0,5.327000141143799,11.253000259399414,,,,,,,,,116.0,148.0,,,,,,Cycling,2019-01-16,15.24,76.75,11.92,5.03,380.6
20368205775,Austin Cycling,cycling,2019-01-16 18:52:59,9221.1904296875,2198.2900390625,2198.2900390625,1940.0,269.0,4.195000171661377,10.673999786376951,,,,,,,,,101.0,71.0,,,,,,Cycling,2019-01-16,5.73,36.64,9.38,6.4,331.4
20368205734,Austin Cycling,cycling,2019-01-16 14:24:10,782.9299926757812,366.885986328125,366.885986328125,203.0,54.0,2.134000062942505,9.946999549865724,,,,,,,,,1.0,8.0,,,,,,Cycling,2019-01-16,0.49,6.11,4.77,12.58,3.3
20368205725,Austin Cycling,cycling,2019-01-16 12:33:04,747.530029296875,279.7720031738281,279.7720031738281,249.0,61.0,2.671999931335449,5.756999969482422,,,,,,,,,10.0,0.0,,,,,,Cycling,2019-01-16,0.46,4.66,5.98,10.03,32.8
20368205715,Austin Cycling,cycling,2019-01-15 18:11:36,1318.510009765625,440.1669921875,440.1669921875,290.0,36.0,2.994999885559082,10.11400032043457,,,,,,,,,8.0,7.0,,,,,,Cycling,2019-01-15,0.82,7.34,6.7,8.96,26.2
20368205708,Austin Cycling,cycling,2019-01-15 12:47:32,23049.130859375,4468.5322265625,4468.5322265625,4127.0,723.0,5.1579999923706055,12.699000358581545,,,,,,,,,181.0,120.0,,,,,,Cycling,2019-01-15,14.32,74.48,11.54,5.2,593.8
20368205632,Austin Cycling,cycling,2019-01-14 21:27:19,18449.150390625,3006.419921875,3006.419921875,2941.0,523.0,6.137000083923341,13.520000457763672,,,,,,,,,87.0,135.0,,,,,,Cycling,2019-01-14,11.46,50.11,13.73,4.37,285.4
20368205591,Austin Cycling,cycling,2019-01-14 14:49:02,4459.2998046875,956.22900390625,956.22900390625,865.0,130.0,4.663000106811523,10.664999961853027,,,,,,,,,36.0,26.0,,,,,,Cycling,2019-01-14,2.77,15.94,10.43,5.75,118.1
20368205578,Austin Cycling,cycling,2019-01-14 11:20:27,32810.48046875,6637.72607421875,6637.72607421875,6300.0,863.0,4.942999839782715,12.008999824523926,,,,,,,,,234.0,169.0,,,,,,Cycling,2019-01-14,20.39,110.63,11.06,5.42,767.7
